id,bill_id,difficulty_level,title,summary,content,created_at,updated_at
05050ba8-e97e-4fc1-9aae-c5d8911e7b6e,67e0b771-6653-4542-9767-e0fe3a8599be,normal,特別な立場の国家公務員の給与を見直す法律案,この法律案は、総理大臣や大臣など、国の機関で働く人たちの給与やボーナスを見直すものです。,"## **この法律のポイント**

### **給与の引き上げ**

* 大臣などの特別な役職にある人の給与が2.8%程度（月額22,000円〜57,000円）上がります。これは国家公務員の幹部クラスの給与水準を変えたことに合わせた見直しです。  
* 大臣を補佐する秘書官は2.6～3.8％程度（月額10,300円〜15,700円）上がります。

### **ボーナスの増額**

* 大臣などの年間ボーナスが月給の3.45か月分から3.50か月分になります。国家公務員の幹部と同じ増額です。  
* 秘書官のボーナスは一般職の国家公務員と同じ扱いのため今回の改正には含まれません。

### **中央の行政機関で働く人と同じ手当を支給**

* 中央省庁は国の行政を行う役所の中心部分を指します。  
* 中央省庁に支給される本府省業務調整手当と同じ内容を特別な立場の人にも広げます。  
* 具体的には月51,800円を新しく支給します。

### **国会議員を兼ねる大臣への特別な扱い**

* 大臣が国会議員である場合、当面の間は大臣としての仕事に対する給与は支給されません。

## **一般職・特別職の公務員とは**

国家公務員には以下のような種類があります。今回の法律案はこの中でも一部の特別職の国家公務員の給与に関するものです。

* 一般職  
  * 中央省庁  
    * 指定職員：各省庁にいる幹部。  
    * それ以外の職員  
  * 地方機関職員：地方の機関に勤務する国家公務員。税務署職員、労働基準監督署職員など。  
* 特別職：総理大臣、国務大臣など。

## **この法律が必要な理由**

### **一般職とのバランスを取るため**

* 一般の国家公務員も給与を見直したため、公務員全体でのバランスを保つためにも見直しが必要です。

## **意見がわかれるところ**

### **特別な立場への適切な評価 vs 大臣の負担が増える心配**

> **👍 期待される効果**  
> 大臣などの重い責任に合った待遇にできます。  
> **🤔 心配なところ**  
> 国会議員である大臣には大臣としての給与が出ないため、仕事の重さと収入が合わない心配があります。

### **給与体系の統一 vs 国会議員を兼ねる大臣との不整合**

> **👍 期待される効果**  
> 国家公務員の給与体系を全体として揃えられます。  
> **🤔 心配なところ**  
> 国会議員を兼ねる大臣だけ扱いが異なるため、公平性をどう確保するかが課題です。

**影響を受ける可能性のある人**

* **特別職の国家公務員**：給与やボーナスが上がります。  
* **国会議員を兼ねる大臣**：役所からの給与が当面出なくなります。

## **よくある質問**

### **特別職の給与は誰が決めているの？**

* 人事院という、公務員の給与についてアドバイスする組織が毎年、民間の会社の給与などについて調査をしています。  
* 人事院は一般職の公務員の給与についてアドバイスをしますが、特別職の公務員の給与も一般職をもとに検討されます。  
* 内閣が法律案を作り、国会で議論・決定して初めて国家公務員の給与が変わります。

## **議案提出者**

内閣

## **関連リンク**

* みらい議会：[国の一般職の公務員の給与を見直す法律案](https://gikai.team-mir.ai/bills/5b0d43c9-2d2e-4dea-a4c4-d9e3a59d95a6) 
* 人事院：[本年の給与勧告のポイントと給与勧告の仕組み](https://www.jinji.go.jp/content/000011724.pdf)
* 衆議院：[議案名「特別職の職員の給与に関する法律等の一部を改正する法律案」の審議経過情報](https://www.shugiin.go.jp/internet/itdb_gian.nsf/html/gian/keika/1DE099A.htm)",2025-12-01 09:16:19.902554+00,2025-12-09 08:40:44.646365+00
13a42600-d178-4e7e-b5a6-14cc5e2d41b5,eebdc918-4d0b-4bfb-acd9-4e468d03aff4,hard,競馬法・日本中央競馬会法の一部改正,"政府は「経済財政運営と改革の基本方針2025」と令和7年改定「食料・農業・農村基本計画」に基づき、令和7〜11年度の初動5年間に農業の構造転換を集中的に推進します。その財源手当てとして、JRA国庫納付金（第1＝売得金の10％、第2＝剰余金の1/2）等の使途・配分ルールの再設計や、一般会計上の別枠化（上乗せ）を可能にする制度改正が検討対象とされています。
","## なぜこの法改正が必要なのか
- 農地の大区画化、共同利用施設の更新、スマート農業実装、輸出対応等に**集中的・機動的な投資**が必要だからです。  
- 通常予算のみでは**タイミングの制約**が大きく、**既存の一般財源フロー（JRA国庫納付金）**の**透明かつ弾力的な再設計**で政策効果を高める狙いがあるからです。

## 法改正のポイント（想定）
- **配分設計の再構築**：JRA国庫納付金の**目的区分**を精緻化し、**構造転換への別枠（上乗せ）**を明確化します。  
- **透明性と成果管理**：KPI設定、年次報告、第三者評価を**制度要件**として位置づけます。  
- **安全弁の付置**：**5年サンセット**、年次キャップ、悪影響時の**自動調整トリガー**等で競馬・馬産地への影響を抑制します。  
- **地域配分の客観化**：中山間地域や担い手不足地域に配慮する配分指標を**政省令・実施要綱**で明示します。

## 主な論点
### 既存一般財源の再設計による迅速投資 VS 畜産・福祉の下限確保・事業健全性
- **賛成**：新税を用いず、**既存一般財源の再設計**で初動5年の重点投資を加速できます。食料安保・地域経済の強靭化に資します。  
- **反対・懸念**：従来の**畜産・福祉**向け資金が相対的に圧迫されるおそれ、配分裁量の拡大による**政治的恣意**、JRAの経営健全性やファン・馬産地への影響が懸念されます。


## 改正で影響する可能性があるのは
- **農業者・農業法人**：大区画化や施設更新、スマート機器導入支援の拡充で**投資機会が拡大**します。  
- **畜産・福祉分野の受益層**：**下限確保**と**上乗せの純増性**が制度で担保されるかが関心事項になります。  
- **馬産地・競馬関連事業者・ファン**：納付スキーム変更の**波及影響**（還元施策や投資余力）が論点になります。  
- **地方自治体**：地域要件に応じた**配分指標**の設定で、申請・採択戦略が変化します。  
- **財政当局**：一般会計上の**別枠可視化（置換禁止、下限規定）**の制度設計・運用が課題になります。

## 関連リンク
- 骨太方針2025（内閣府・PDF）：https://www5.cao.go.jp/keizai-shimon/kaigi/cabinet/honebuto/2025/2025_basicpolicies_ja.pdf  
- 食料・農業・農村基本計画（農林水産省 特設）：https://www.maff.go.jp/j/keikaku/k_aratana/  
- 同 計画本文（PDF）：https://www.maff.go.jp/j/keikaku/k_aratana/attach/pdf/index-61.pdf  
- 農林水産省「国会提出法律案」一覧（最新状況）：https://www.maff.go.jp/j/law/bill/  
- JRA「国庫納付を通じた貢献」：https://www.jra.go.jp/company/social/treasury/
",2025-09-25 06:37:07.32847+00,2025-09-25 06:48:34.207192+00
15f09a5f-9f38-4285-9d46-efa6a56cb9c6,5c51e69d-5a5f-475d-b323-d9b31fd3014f,hard,国際貿易における「船荷証券」の電子化法案,"本法案は、国際海上輸送において用いられる船荷証券を電子的に取り扱うことを可能とし、従来の紙媒体と同等の法的効力を付与するものです。
これにより、貿易取引の迅速化・効率化を図るとともに、偽造・紛失リスクを低減し、国際的な制度との整合性を確保することを目的としています。
なお、本法案は電子化を「義務づける」ものではなく、紙と電子のいずれかを選択できる制度を整備するものです。
","## 法案の解説
https://youtu.be/g83po_MOqrQ

## 改正案のポイント  
1. **電子船荷証券を法的に承認し、紙と同等の効力を持たせる**  
これまで船荷証券は紙の形でしか認められていませんでした。本改正により、電子的に発行・管理される船荷証券にも正式な法的効力を付与します。つまり、紙と同じように「所有権や受け取りの証明」として使えるようになります。  

2. **電子的な方法での権利移転や担保設定を可能にする**  
紙の船荷証券では裏書や引き渡しを通じて権利が移転していましたが、今後はシステム上で安全に所有権を移したり、担保として設定することができるようになります。これにより、貿易金融のスピードや利便性が大幅に向上します。  

3. **紙と電子を相互に切り替えられる仕組みを整備する**  
移行期の実務に配慮し、電子で発行された船荷証券を紙に戻したり、逆に紙から電子に変換することができる制度を設けます。これにより、電子化に慣れていない企業でも段階的に移行でき、実務上の柔軟性が確保されます。  

4. **国際的なルール（UNCITRALモデル法）との調和を図る**  
国連の国際商取引法委員会（UNCITRAL）が定める「電子貿易文書モデル法（MLETR）」に準拠し、日本の制度を世界標準と合わせます。これにより、日本企業が国際取引に参加しやすくなり、外国の企業や港湾当局との手続きもスムーズに進められるようになります。  


## 法改正が必要な理由  
- 紙の船荷証券は国際郵送に数日を要し、貨物が到着しても引き渡しが遅れるケースが多発していました。結果として輸入品の供給が遅れ、企業や消費者への影響が生じていました。  
- 紙は紛失や偽造といったリスクが高く、これらへの備えとして発行される保証状（Letter of Guarantee：L/G）や保険のコストが最終的に商品の価格に転嫁されるなど、取引コストの上昇要因となっていました。  
- 世界的には電子化の制度整備が進展しており、日本が制度導入を遅らせれば、国際取引における競争上の不利を招くおそれがあります。輸送遅延や価格上昇など、間接的に生活にも影響が及ぶ可能性があります。  

---

## 主な論点  
**Q1 効率化 vs 導入コスト**  
> **👍 期待される効果**  
> 電子裏書によって即時に権利移転が可能となり、貨物引渡しや金融取引が迅速化します。保証状発行の回避でコスト削減も見込めます。  
>
> **🤔 懸念**  
> 中小事業者にとってはシステム導入費用や運用教育コストが負担となり、利用格差を広げる懸念があります。  

**Q2 セキュリティ向上 vs サイバーリスク**  
> **👍 期待される効果**  
> ブロックチェーンなどの技術により改ざんや偽造リスクは低下し、紙よりも安全性は高まります。  
>
> **🤔 懸念**  
> サイバー攻撃やシステム障害によって、広範囲の物流が同時に停止するリスクが新たに生じるおそれがあります。  

**Q3 国際標準化への適応 vs 国内事業者の負担**  
> **👍 期待される効果**  
> UNCITRALモデル法に準拠し国際整合性を確保することで、日本企業の国際競争力が維持できます。  
>
> **🤔 懸念**  
> 一方で、国内の商慣行や既存システムに合わせるための調整や、導入・適合に伴う初期コストが発生することが想定されています。  


## 改正で影響する可能性があるのは  
- **海運会社・大手商社**：国際取引の効率化が進みますが、複数システム間の相互運用性確保が課題です。  
- **中小輸出入業者**：業務効率化の恩恵を受ける一方で、導入コストやIT習熟の負担が生じます。  
- **金融機関・保険会社**：担保設定や信用状処理が迅速化し業務効率は改善しますが、サイバーリスク管理への追加投資が必要です。  
- **消費者**：物流効率化による価格安定効果が見込まれますが、システム障害時には供給停滞リスクがあります。  

## 関連リンク  
[法制審議会商法（船荷証券等関係）部会第16回会議（令和6年8月21日開催）](https://www.moj.go.jp/shingi1/shingi04900001_00255.html)  
[日経新聞記事「貿易手続き、紙から電子へ」（2024年6月24日）](https://www.nikkei.com/article/DGKKZO81622170U4A620C2EP0000/)  
",2025-09-24 13:33:36.158298+00,2025-10-16 02:39:08.174746+00
1a0fed9d-2b2f-44d0-b6bf-5cf541efc44c,a6aad95e-5b88-4c60-995f-46940ad18fcb,normal,洪水や高潮の危険を正しく早く伝え、間違った予報が出ることを防ぐための法律,"大雨や台風で起きる洪水や高潮の予測を正しく早く行うための法律です。また、日本で天気予報を行う外国の会社などに新しいルールを追加することで、日本で間違った天気予報を出すことを防ぎます。
","## この法律のポイント

### 洪水の危険があるときのための新しい警報をつくる

大雨で河川があふれそうなとき、新しく洪水特別警報を出して知らせます。国や県、河川の管理者が河川の情報を出し合い、避難を早く正確に決められるようにします。

### 高潮の予想を国と都道府県が一緒に出す仕組みをつくる

国や都道府県が協力して、海の水位や波の打上げを調べ、高潮による影響が大きそうな海岸について高潮の共同予報・警報を出します。

### 間違った予報を出す会社に注意できるようにする

外国の会社が日本向けの天気予報を行う場合は国内にいる代表者の登録が必要になります。そうすることで、もし正しくない天気予報を行っている場合は国からその会社に対して確実に注意ができるようになります。

## この法律が必要な理由

### 正確な洪水の予測ができるようになった

洪水を予測する方法が改善されたことで、洪水の特別警報を新たに始められるようになりました。

### 高潮の予測方法が進化した

国と都道府県が連携して情報を出し合うことで、より正確で早い高潮の予測ができるようになります。

### 間違った予報情報を防ぐため

天気予報をしている会社が間違った天気予報を出したときに確実に注意をするために、外国の会社が天気予報をするときは日本国内に代表者を用意することを求めます。

## 意見が分かれるところ

### 危険を早く正確に知らせる vs 新しい仕組みに合わせた準備が必要

> 👍 **期待される効果**  
> 洪水や高潮の危険を早く正しく予測して、避難が必要なときにすぐ知らせられるようになります。  
> ☝️ **注意が必要なところ**  
> 都道府県や河川の管理者が新しく行うことになる作業を学んだり、準備したりする必要があります。

### 情報の信頼感 vs 外国の会社の負担

> 👍 **期待される効果**  
> みんなが正しい情報を信頼して見られます。  
> ☝️ **注意が必要なところ**  
> 外国の会社などが日本で天気予報の仕事をはじめにくくなる可能性があります。

## 影響を受ける人

* **都道府県の職員や河川の管理者**：新しい警報を使うための準備が必要です。  
* **外国の会社**：日本で天気予報の仕事をはじめるときは、日本で連絡がとれる代表者などを決める必要があります。

## 関連リンク

* 日本経済新聞：[海外発の天気予報に新規制、代理人指定を義務に　誤警報防止へ気象庁](https://www.nikkei.com/article/DGXZQOUA30AMT0Q5A031C2000000/)  
* 国土交通省：[「気象業務法及び水防法の一部を改正する法律案」を閣議決定～予報・警報を高度化・適正化します～](https://www.mlit.go.jp/report/press/mizukokudo02_hh_000043.html)
",2025-09-25 07:17:53.695615+00,2025-12-09 08:04:37.935075+00
20372a64-24d3-4602-aac8-e27b2f055df0,dc1ae4cf-557e-4685-99a2-0843407ed6a5,normal,ガソリンの税金を安くするための法律案,"ガソリンにかかる上乗せの税金をなくすための法律案です。
この法律が成立すれば、1リットルあたり約25.1円分の税金の上乗せがなくなる見込みです。","## まとめ
- 狙いは、ガソリン代を下げて、暮らしの負担を減らすことです。  
- 急にガソリンの値段が変わることでガソリンスタンドなどが在庫のガソリンを売ることで損が出ないように、国が支援を行います。  
- 自治体（市区町村・都道府県）の収入が減る分は、国が補います。  


## この法律の大事なところ
1. **上乗せの税金をやめる**  
   長く続いてきた上乗せ分の税金（1Lあたり25.1円）をなくします。ガソリンの小売価格が下がる可能性があります。

2. **在庫で損が出ないように国が支援を行う**  
   上乗せの税金をなくす時点でガソリンスタンドや会社が持っているガソリンについて、税金の差額で損しないよう、国がお金を出します。  

3. **自治体の収入減は国が補う**  
   ガソリン税の一部は自治体の収入です。税が軽くなると、自治体の収入が減ります。  
   法律案では、減ったぶんを全部国が補うと定めています。詳しい方法や時期は、これから政府が決めます。

## なぜこの法律が必要なのか
- ガソリン代が高いと、自家用車を利用する家庭の通勤・通学・通院などの負担が大きくなります。  
- 政府はこれまで補助金で値上がりをおさえてきましたが、補助金をずっと続けるのは難しいという意見があります。  
- 元々の法律には、ガソリンが高くなったときに自動的に上乗せ分の税金を停止する「**トリガー条項**」という仕組みがあります。  
  しかし、2011年の東日本大震災のあとにこの仕組みは止められていて、いまは使えません。  
- 今回の法律案は、「トリガー条項で一時的に下げる」のではなく、**そもそもの上乗せをなくしてしまう**という内容です。  

## トリガー条項とは
ガソリン価格がとても高くなったときに、自動的に上乗せ分の税金を停止するルールです。

- 発動の条件：全国のガソリンの平均価格が **3か月連続で160円を超えた**とき
- 効果：上乗せ分（25.1円/L）を止めて、税金を軽くする
- 元に戻す条件：3か月連続で130円を下回ったら、また上乗せを再開する
- 状況：東日本大震災（2011年）後に「復興のための財源確保」を理由に止められたままです。

つまり、**トリガー条項は今も動いていません**。  
今回の法律は、それを再開するのではなく、**税金の上乗せをそもそもなくす**という内容になっています。


## 意見がわかれるところ

### Q1：暮らしを助ける vs 財政が苦しくなる
> **👍 期待される効果**  
> ガソリン代が下がると、車を使う人の生活費の負担が軽くなります。 
>
> **🤔 心配なところ**  
> 国と地方の税収が減ります。見込みでは合わせて毎年1兆円ほど減るとされています。その分をどうやって補うのか、お金のやりくりが課題になります。

### Q2：自治体の負担がない進め方 vs 国の対応の遅れ
> **👍 期待される効果**  
> 法律案では「自治体の減収は国が全部補う」としています。地域のサービスが急に減るのをふせげます。  
>
> **🤔 心配なところ**  
>いつ・どうやって補うかは政府がこれから決めます。対応が遅れると、自治体の予算が苦しくなる心配があります。

### Q3：環境への影響
> **👍 期待される効果**  
> ガソリンが安くなると、車を使いやすくなり、地域の経済が元気になります。  
>
> **🤔 心配なところ**  
> ガソリン価格が下がると車の利用がふえて、CO₂（二酸化炭素）が増えるおそれがあります。環境対策とのバランスが必要です。

### Q4：わかりやすい仕組み vs 手続きのたいへんさ
> **👍 期待される効果**  
> ガソリンスタンドなどが高い税率のときに仕入れた在庫で損をしないよう、国がそのぶんのお金を出します。これで、価格が急に変わるときの混乱をふせぐことができます。 
>
> **🤔 心配なところ**  
> 会社が在庫を調べて申請したり、国が金額を確認したりする作業がふえます。不正を防ぐチェックも必要です。

### Q5：地域や家庭の違い
> **👍 期待される効果**  
> 車が生活に必要な地方では、家計の助けになります。観光にも良い影響があります。  
>
> **🤔 心配なところ**  
> 都市に住む人や車を持たない家庭には恩恵が少ないです。公平さの面で注意が必要です。

## この法律で影響を受ける可能性がある人や組織
- **石油メーカー・ガソリンスタンドなどの販売業者**：値下げでお客さん・売上が増えるかもしれませんが、一時的に事務作業が増えます。  
- **地方自治体**：収入が減る可能性があります。**国の補てん**がいつ・どのように行われるかが重要です。  
- **国民（車を使う人）**：ガソリン代の負担が減る見込みです。 
- **国（政府）**：税収減への対応や、環境とのバランスを考える必要があります。

## 議案提出会派
立憲民主党・無所属, 日本維新の会, 国民民主党・無所属クラブ, 日本共産党, 参政党, 日本保守党

## 議案提出者一覧
重徳和彦, 階猛, 大西健介, 青柳仁士, 斎藤アレックス, 田中健, 岸田光広, 辰巳孝太郎, 鈴木敦, 島田洋一, 新垣邦男


議案提出の賛成者一覧は[衆議院の議案情報のページ](https://www.shugiin.go.jp/internet/itdb_gian.nsf/html/gian/keika/1DDFF1A.htm)をご覧ください。


## 関連リンク
- [衆議院法案情報：租税特別措置法等改正案（第218回国会）](https://www.shugiin.go.jp/internet/itdb_gian.nsf/html/gian/honbun/g21805001.htm) 
- [衆議院法案情報：議案提出者情報など](https://www.shugiin.go.jp/internet/itdb_gian.nsf/html/gian/keika/1DDFF1A.htm)   
- [参議院調査室：ガソリン税とトリガー条項の仕組み](https://www.sangiin.go.jp/japanese/annai/chousa/rippou_chousa/backnumber/2022pdf/20220708087.pdf)  
- [財務省：自動車関係諸税・エネルギー関係諸税に関する資料](https://www.mof.go.jp/tax_policy/summary/consumption/d10.htm)  
- [環境省：揮発油税等の当分の間税率の廃止の影響試算について](https://www.env.go.jp/content/000334522.pdf)",2025-10-13 07:40:08.145045+00,2025-10-16 04:12:39.449207+00
24a7b7e5-5c27-452a-8f3b-3ac61a0af50d,77e4482c-4bab-4ee3-824d-0a602995c13a,normal,結婚相手に暴力をふるう人による忘れもの防止タグの悪用を禁止する法律案,DVとは結婚相手、元結婚相手などからの暴力のことです。この法律案は、裁判所から「相手に近づかないこと」などの命令を受けているDVの加害者が、忘れもの防止タグを悪用して被害者の位置情報を調べることを防ぎ、DVから被害者を守るためのものです。,"## **この法律案のポイント**

* **忘れもの防止タグの悪用を防ぐ**  
  忘れもの防止タグを、DV加害者が被害者のかばんや車に入れて居場所を調べる事例が起きています。

## **忘れもの防止タグとは**

忘れもの防止タグは、財布や鍵などに取り付けて、物を無くしたときにその場所をスマートフォンで追跡するためのものです。忘れもの防止タグを悪用した行為は現在のDV防止法では禁止行為の対象になっていません。

## **DV防止法とは**

DV防止法は、 **結婚相手や元結婚相手などからの暴力をなくすため** の法律です。困っている人が相談できるように、各地に **DV相談センターを設け** 、裁判所が相手に近づかないよう命令を出すこともできます。国や市町村、専門家が協力して、 **安全な生活を取り戻すお手伝いをする仕組み** です。

## **影響を受ける人**

**DV被害者：** 忘れもの防止タグで居場所を特定されることを防ぎやすくなります。

## 議案提出者
内閣

## **関連リンク**

内閣府：[配偶者暴力防止法について](https://www.gender.go.jp/policy/no_violence/e-vaw/law/index2.html)  
内閣府：[国会提出法案](https://www.cao.go.jp/houan/219/index.html)  

",2025-11-18 00:15:24.409816+00,2025-11-18 00:26:38.726198+00
339d680c-ea08-42c7-9b39-20656db62de6,ca47a048-9271-4ff8-b77d-1a98acb4c741,normal,裁判官と検察官の給料を見直す法律案,この法律案は、国の他の公務員の給料の変更に合わせて、裁判官と検察官の給料を引き上げるものです。給料の区分ごとに上がる金額が変わります。,"## **この法律のポイント**

### **給料が上がります**

国の他の公務員の給料と同じ考え方で見直します。給料の区分ごとの月あたりの給料の上がり幅は次の通りです。  
* 若手役職：10,700円〜15,100円  
* 中堅〜上位の役職：20,000円〜33,000円  
* 最上位の役職：34,000円〜57,000円

### **国全体で同じ仕組みに揃えます**

通常の会社の給料と比べることで国の公務員の給料も見直します。公務員ではない会社員の給料が下がっていれば公務員の給料も下げ、上がっていれば上げる仕組みになっています。  
裁判官と検察官の給料は、国の公務員の給料の見直しに合わせて変更します。給料の決め方を揃えることで、全体の整合性を保ちます。

## **この法律が必要な理由**

### **民間給与と比較した結果を反映するため**

* 国は、民間企業の給料を調べてなるべく同じになるように国の公務員の給料を見直します。  
* その結果に合わせて裁判官と検察官の給料も調整します。

### **制度の整合性を保つため**

* 国家公務員の給料は全体のバランスが重要です。  
* 同じ基準で見直すことで制度をそろえます。

## **意見がわかれるところ**

### **制度をそろえること vs 財政負担がふえること**

> **👍 期待される効果**  
> 給料の決め方がそろい、国の中の公務員全体の給料がより公平になります。  
> **☝️ 注意が必要なところ**  
> 国のお金の負担が増えます。

## **法改正で影響を受ける人**

* 裁判官と検察官：給料が増えます。

## **議案提出者**

内閣

## **関連リンク**

* みらい議会：[一般職の国家公務員の給与や手当を変更する法律案](https://gikai.team-mir.ai/bills/5b0d43c9-2d2e-4dea-a4c4-d9e3a59d95a6)
* 人事院：[本年の給与勧告のポイントと給与勧告の仕組み](https://www.jinji.go.jp/content/000011724.pdf)",2025-12-01 09:35:31.833221+00,2025-12-11 09:57:35.43485+00
425ef385-d000-4ffd-9313-3385627cd9e9,119d1abb-ca5a-40e8-87d7-e7ae6db0f7af,normal,犯罪をした人が立ち直る手助けをする保護司を増やし、活動しやすくするための法律案,"この法律は、犯罪をした人の立ち直りを手伝うボランティアの国家公務員である保護司が、もっと活動しやすくなるようにするものです。保護司は犯罪をした人が社会復帰するうえで欠かせない存在ですが、人数が減っている上に、平均年齢は65歳と高齢になっており、若い方を含めた担い手の確保が大きな課題です。
","## この法律のポイント

### **保護司を担い手を確保するしくみ**  
  * 募集の条件を見直して、これまでよりも多くの人に関心を持ってもらえるようにします。  
  * 保護司になってくれる人を探すときに、自治体にも協力をお願いできるようにします。  
  * 活動の期間を2年から3年にのばし、経験を積みやすくします。

### **活動をしやすくする**  
  * 保護司の活動拠点である更生保護サポートセンターを設けることを法律で決めます。  
  * 市区町村が協力するときのきまりを、保護司に「協力できる」という言葉から「協力するように努力する」に変えて、より積極的な協力を促します。  
  * 会社は、従業員が保護司活動のために休みを取りやすいように配慮します。

### **安全に活動できるように**  
  * 保護司が対象者との面談を自宅以外でも行えるようにし、公民館なども使えるようにします。  
  * 保護司が所属している地域以外に他の地域のセンターや面接場所も使えるようにして、より活動しやすくします。  
  * 地域の更生保護をリードしている保護観察所長が、支援しているひとの仕事や住まいの状況を確かめられるように、市区町村やハローワーク、警察、病院などに情報を確認できるようにします。

## 保護司とは

* 保護司は、罪をおかした人が、社会に戻って自分の力で生きていけるように手伝うボランティアの国家公務員です。たとえば、出所した人の話を聞いたり、生活や仕事のことを一緒に考えたり、月に1〜3回ほど会って、困りごとや不安を相談できるようにしています。  
* また、学校や地域の行事で犯罪を防ぐ活動や話し合いの会を開くこともあります。  
* 地域の人たちや会社、家族と協力して、安心して暮らせる場所をつくることが保護司の大切な仕事です。

## この法律が必要な理由

### **保護司がたりないから**  
  * 全国で52,500人の保護司が必要ですが、今は約46,000人しかいません。  
  * 高齢の方が多く、若い人が少ないのが問題です。

### **保護司の安全を守るため**  
  * 2024年に保護司が自宅で面談中に事件に巻きこまれるという悲しい出来事がありました。保護司の方が安全に活動できる仕組みが求められています。

### **地域の違いをなくすため**  
  * 保護司への支援を積極的にしてくれる市区町村がある一方で、支援が十分でない地域もあります。  
  * どこでも同じように保護司が市区町村からの支援を受けられるように、自治体の協力を強めます。

## 意見がわかれるところ

### **人を増やす vs 質を保つ**  
> **👍 期待される効果**  
> 保護司を増やそうと働きかけることでより多くの人が保護司の活動に興味を持ってくれるようになり、保護司の人数が増える可能性があります。  
> **☝️ 注意が必要なところ**  
> これまでより募集の条件を優しくしている部分があるため、保護司の質が下がらないように注意する必要があります。

### **活動の期間が長くなる vs 負担が増えるように見える**  
> **👍 期待される効果**  
> 任期が長くなることで経験を積みやすくなります。  
> **☝️ 注意が必要なところ**  
> 任期が長くなることで、負担が増えるように見えるとなりたい人が減る可能性があります。ただし、実際は任期の途中でも辞めることができます。

### **自治体からの支援が増える vs 自治体が大変になる**  
> **👍 期待される効果**  
> 自治体がより保護司に協力してくれるようになり、保護司の活動がしやすくなります。  
> **🤔 心配なところ**  
> 保護司の活動に協力する努力が必要になるので自治体の負担が増える可能性があります。

## Q\&A

### Q. なぜ保護司はボランティアなの？
A. 以下の2つの理由があります。
* ボランティア精神を大切にする  
  * 保護司という仕組みは、100年以上前から続く一般のボランティア活動が始まりです。今もそのときの考え方を大切にしてボランティアでやっています。  
* 支援する相手との信頼関係を築きやすくする  
  * お金をもらわないことで、支援する相手から見たときに安心して相談できる相手だと思ってもらいやすくなって、信頼につながるという意見があります。保護司からもこの意見が出ています。  

しかし一方で保護司にお金を支払ったほうがいいのではないかという話し合いは国で行われています。今後ボランティアでなくなる可能性もあります。

## 影響を受ける可能性がある人

* **保護司**：自治体からの協力や活動できる場所が増えて、活動しやすくなります。  
* **市区町村**：保護司への協力に向けて努力する義務が発生します。  
* **会社**：従業員が保護司の活動のための休みをとりやすいように気にかける必要があります。

## 法案提出者

内閣

## 関連リンク

* 法務省：[更生保護制度の充実を図るための保護司法等の一部を改正する法](https://www.moj.go.jp/hogo1/soumu/hogo06_00010.html)  
* 法務省：[保護司、保護司組織（保護司会、保護司会連合会）](https://www.moj.go.jp/hogo1/kouseihogoshinkou/hogo_hogo04-02.html)  
* 法務省：[法務大臣閣議後記者会見の概要](https://www.moj.go.jp/hisho/kouhou/hisho08_00666.html)  
* 参議院常任委員会調査室・特別調査室：[保護司制度の現状及び今後の見直し](https://www.sangiin.go.jp/japanese/annai/chousa/rippou_chousa/backnumber/2025pdf/20251028027.pdf)
",2025-09-29 08:41:06.061454+00,2025-11-24 14:44:55.665302+00
44fdb5d4-5862-4415-b5e2-15dc5f4487d3,09fd53cb-8b12-4bd4-bfe2-17b3bfd31410,normal,地域全体で支える医療体制づくりのための法律案,高齢化に対応するために、病院と外来・在宅・介護をつなげることで医療を地域全体で支えるための法律案です。オンライン診療の基準づくりや電子カルテの情報共有も進めます。,"## 改正案のポイント
- 病院や診療所に、役割（救急対応や在宅診療など）を毎年報告してもらうことで、地域全体の医療体制を把握できるようにします。
- 医師が特に多い地域では、新しく開業する人にその地域で足りていない診療をしてもらうようにします。医師が少ない地域にはお金の支援をします。  
- オンライン診療を法律にしっかり位置づけ、安全のルールと広告のルールを作ります。  
- 電子カルテを共有する標準的な仕組みを作ります。
- 医療のデジタル化を進めるために、支払基金という組織の役割と体制を強くします。  

## 法改正が必要な理由
- **日本では高齢者が増えているから**

→病院・診療所・在宅・介護をスムーズに連携し、地域の医療体制をはっきりさせる仕組みをつくります。

- **医師が都会に多く、地方に少ないから**

→医師が特に多い地域では地域で不足している診療をおこなうようにお願いします。医師が少ない地域にはお金の支援を出します。

- **病院どうしで情報が共有されていないから。**

→同じ検査をくり返したり、治療に時間がかからないように、電子カルテを共有できる仕組みを作ります。  

- **オンライン診療のルールがあいまいだから。**

→安心して診療を受けられない場合があるので、ルールや安全の基準、広告のやり方をきちんと決めます。  

- **医療のデータは安全に活用することが大切だから。**

→データを名前が分からない形にして、研究や制度づくりに生かせるようにします。 

## 意見がわかれるところ
**必要な医療をそろえること vs 行政の圧力の懸念**
- 医師が特に多い地域で足りない診療をお願いすることで、足りない診療を補いやすくなる一方で、医師からすれば、そうした要請等を受けることになります。  

**データ活用 vs プライバシー**
- 医療データを共有することで、検査の重複を防いだり、治療をスムーズに進めることができますが、個人情報の保護をどう確保するかが課題です。 

**電子カルテの標準化による効率化 vs 医療機関の負担**
- 電子カルテの仕組みを全国でそろえることで、将来は病院どうしの連携がスムーズになりますが、最初はシステム改修などにお金や人手の負担がかかります。

## 改正で影響する可能性がある人・団体
- **住民・患者**：病院同士がつながりやすくなり、検査の繰り返しが減って受診が早くなる可能性があります。  
- **医師**：医師が少ない地域で働くと、手当などのメリットがありますが、医師が特に多い地域では足りない診療をお願いされることがあります。  
- **病院・診療所**：医療機関機能の報告やオンライン診療などの新たなルールに合わせる必要があります。  
- **都道府県**：国が定めた基準を踏まえ、医師の確保が重点的に必要な地域を決めたり、その地域に支援のお金を配る役割を担います。  

## 関連リンク
- [内閣法制局　医療法等の一部を改正する法律案](https://www.clb.go.jp/recent-laws/diet_bill/detail/id=4940)  
- [厚生労働省 医療法等の一部を改正する法律案の閣議決定について（報告）](https://www.mhlw.go.jp/content/10801000/001421848.pdf)  
- [衆議院 議案審議経過](https://www.shugiin.go.jp/internet/itdb_gian.nsf/html/gian/keika/1DDF636.htm)
- [参議院 議案審議情報](https://www.sangiin.go.jp/japanese/joho1/kousei/gian/218/meisai/m218080217021.htm)
- [修正案](https://www.shugiin.go.jp/internet/itdb_annai.nsf/html/statics/housei/html/h-shuhou219.html#shu4)
",2025-09-25 04:56:44.188429+00,2025-11-27 07:44:55.430062+00
48bcfa1b-8f63-4c6e-9de5-bf844a245368,126f6408-fd43-4bfb-91f7-3bdd79890954,hard,ストーカー規制法に紛失防止タグ規制や職権警告制度等を新設する法案,本法案は、ストーカー行為の実態に合わせて現行法を改正するものです。例えば紛失防止タグを悪用した追跡・監視行為への対応を強化するため、ストーカー規制法の対象範囲を拡大します。また、警察が被害者の申出を待たずに職権でストーカー行為者に警告を出せる制度を新設し、被害の初期段階から介入を可能にします。また、探偵業者など第三者による被害者情報の加害者への提供を防止する仕組みを導入するほか、勤務先や学校においても、被害者がストーカー被害から守られるよう規定を整備します。,"## **法改正のポイント**

### **紛失防止タグを使ったストーカー行為への対応**  
  * Bluetoothなどを用いた小型追跡装置（紛失防止タグ）を悪用した事案が増加しており、これを新たに規制対象とします。
  * これにより、特定の相手に対する恋愛感情等又はそれが満たされなかったことに対する怨恨の感情を充足する目的で、紛失防止タグを利用して無断で他人の位置情報を取得する行為等が行政措置（警告や禁止命令）や処罰の対象になります。

### **職権による警告制度の創設**  
  * これまで警察は被害者の申出がなければストーカー行為者にストーカー規制法に基づく警告を出せませんでしたが、今後は職権での警告が可能となります。
  * これにより、被害者が申出をためらう場合でも早期対応ができます。被害者が加害者を刺激することを恐れて警察から加害者への警告を依頼しづらくても、警察の判断で加害者側に警告することができます。

### **第三者による情報提供の防止**  
  * 探偵業者などが加害者に被害者の住所などを提供するおそれがある場合、警察が情報提供の中止を要請できます。
  * 例えば警察がストーカー被害者の自宅近辺をパトロールする中で被害者を調査している探偵業者を発見した際、これまでは個人情報保護の観点から依頼主がストーカー加害者であるおそれがあることを伝えることが必ずしもできませんでしたが、この法律改正によって伝えることができるようになります。探偵業者はこの情報を元に依頼主からの依頼を断れるようになります。

### **勤務先・学校による援助義務の明確化**  
  * 被害者が勤務先や学校で被害を受けるケースが増えているため、雇用主や学校長も援助の努力義務を負います。
  * 例えば職場や学校で不審な人物を見かけた際には躊躇わず警察に通報することなどが期待されます。 

## **ストーカー規制法とは**

  * ストーカー行為等の規制等に関する法律は、1999年に発生した桶川ストーカー殺人事件を契機として2000年に制定されました。恋愛感情等やそれが満たされなかったことに対する怨恨感情を充足する目的によるストーカー行為等を規制し、被害者の身体、自由及び名誉に対する危害の発生を防止し、国民の生活の安全と平穏を守ることを目的としています。
  * 法律は、特定の相手に対して面会や交際を強要したり、無言電話やSNSによる連続的な連絡、待ち伏せなどについて、警察による警告や公安委員会の禁止命令、違反者への刑罰を定めていました。また、地域住民にも被害者の保護に努める努力義務が課されていました。
  * しかし、紛失防止タグを悪用した新しい監視行為が増えたことなどから、従来の規制では十分に対応できなくなったことから、改正が検討されるに至りました。

## **なぜこの法改正が必要なのか**

### **追跡行為の巧妙化**  
  * 紛失防止タグを悪用したストーカー事案の件数は2021年時点の3件から2024年は370件まで急増しています。
  * 現行法ではスマートフォンを含むGPS機器による位置取得を規制していますが、紛失防止タグはBluetoothで周りに識別情報を渡し、周りの機器の位置情報を利用して位置を特定しているため、自ら位置情報を発信しておらず、現行法の規制対象外となっていました。被害の発見・立証を容易にし、法の抜け穴を防ぐ必要があります。

### **申出をためらう被害者の救済**  
  * 被害者が加害者からの報復を恐れるなどして、警察への申出を控える事例があります。 
  * 職権での警告制度により、初期対応を迅速化します。警告をすることにより8割のストーカー行為は沈静化される傾向にあり\*、事態の早期収束に資することが期待されます。  
  \*出典：[警察庁『平成26年度警察庁委託調査研究報告書（ストーカー加害者に対する精神医学的・心理学的アプローチに関する調査研究Ⅰ）』2015年](https://www.npa.go.jp/safetylife/seianki/stalker/H26_researchreport.pdf)

### **第三者による情報漏えい対策**  
  * 探偵や知人などからの被害者情報の提供が事件に発展する例があり、情報経路の遮断が不可欠です。

### **職場・学校における安全確保**  
  * 職場・学校における被害を防ぐため、社会全体での連携が求められています。今回の法案で雇用主や学校について被害者の援助に努める努力義務が課され、警察と雇用主や学校とが、ストーカー被害防止の面でより連携しやすくなる効果が期待されます。

## **主な論点**

### **適切な職権警告のありかた**  
> **👍 期待される効果**  
> 警察が迅速に介入でき、初動の遅れを防げる。  
> **🤔 課題**  
> 警察の判断が恣意的になれば、市民同士のトラブルへの過剰介入のリスクがある。

### **企業・学校による援助の努力義務と企業・学校に対する周知**  
> **👍 期待される効果**  
> 被害者が日常生活の中で保護される仕組みを強化。  
> **🤔 課題**  
> 改正の趣旨が企業や学校に理解され、被害者が安心して相談できる環境が整えられるよう広報周知が課題。

## **改正で影響する可能性があるのは**

- **探偵業者・調査会社**：顧客対応時の情報提供管理が厳格化される。  
- **雇用主・学校関係者等**：被害者援助の努力義務が課される。

## **議案提出者**
内閣

## **関連リンク**

- 警察庁：[国会提出法案｜警察庁Webサイト](https://www.npa.go.jp/laws/kokkai/index.html)  
- 衆議院：[各委員会所管事項の動向（第219回国会）p.7](https://www.shugiin.go.jp/internet/itdb_rchome.nsf/63da430ca66f6757492574180016fd6e/7e4ab8e08a00b9e849258d3200198c16/$FILE/doukou219_all2.pdf#page=15)  
- 日本経済新聞：[ストーカー規制、紛失防止タグも対象に　位置情報取得による被害急増](https://www.nikkei.com/article/DGXZQOUD072600X01C25A1000000/)",2025-11-14 10:12:40.883976+00,2025-11-18 02:07:41.588563+00
532d7f2e-a26f-4754-9972-edb0e0ae7861,67e0b771-6653-4542-9767-e0fe3a8599be,hard,特別職の国家公務員の給与や手当を変更する法律案,本法律案は、総理大臣・国務大臣などの特別職国家公務員の俸給月額およびボーナスなどを見直すものです。一般職の国家公務員の給与改定に準じて給与を改定することを目的としています。,"## **この法律のポイント**

### **俸給引上げ**

* 特別職全体（秘書官以外）は、2.8％程度（月額22,000～57,000円）を引き上げます。この変更は主要省庁の幹部人材（指定職）の俸給表の変更に準じたものです。俸給表は民間企業でいうところの給与テーブルにあたるものです。

* 秘書官は2.6～3.8％程度（月額10,300～15,700円）を引き上げます。この変更は主要省庁の非幹部人材の俸給表の変更に準じたものです。

### **ボーナスの引上げ**

* 指定職のボーナスの上昇に合わせて、年間支給月数を3.45ヶ月分 → 3.50ヶ月分（+0.05ヶ月分） に改定します。  
* なお秘書官のボーナスは法律上「一般職国家公務員の例による」とされるため、今回の法改正では含まれていません。

### **本府省業務調整手当の適用拡大**

* 中央省庁職員に支給されている手当と同様の制度を特別職にも適用します。  
* 月額51,800円を新規支給します。

### **国会議員を兼ねる閣僚への不支給**

* 総理大臣及び国務大臣が、国会議員の職を兼ねる場合には、当分の間、行政庁からの給与は支給されなくなります。

## **一般職・特別職の公務員とは**

国家公務員は以下のように分類され、この法律案では特別職の一部が対象になります。

* 一般職  
  * 中央省庁  
    * 指定職職員：各省庁の幹部。事務次官、審議官、局長、部長など。  
    * それ以外の職員  
  * 地方機関職員：中央省庁の現場を担う地方出先機関に勤務する国家公務員。税務署職員、労働基準監督署職員など。  
* 特別職：総理大臣、国務大臣など。

## **この法律が必要な理由**

### **一般職との均衡**

一般職の国家公務員の改定に合わせることで、公務全体としてバランスの取れた給与体系を維持します。

## **主な論点**

### **特別職の責務への適正評価 vs 国会議員を兼ねる閣僚の負担**

> **👍 期待される効果**  
> 政策企画・行政運営の中核を担う特別職に対し、処遇を適正化できます。  
> **🤔 懸念**  
> 国会議員を兼ねる閣僚に対しては行政からの給与支給が当面行われないことによって、閣僚の負担に応じた待遇が損なわれる懸念があります。

### **一般職との整合性確保と国会議員を兼ねる閣僚との不整合**

> **👍 期待される効果**  
> 公務全体での給与体系の整合性を保てます。  
> **🤔 懸念**  
> 国会議員を兼ねる閣僚に対しては行政からの給与支給が当面行われないことによって、他の特別職との整合性が損なわれる懸念があります。

## **影響を受ける可能性がある人**

* **特別職国家公務員**：月例給・ボーナスの引上げ、業務調整手当の新規支給。  
* **国会議員を兼ねる閣僚**：行政からの給与が当面支給されなくなります。

## **よくある質問**

### **特別職の給与は誰が決めているの？**

国家公務員は法律により給与が定められ、改定には国会での法改正が必要です。特別職は一般職と異なり人事院勧告の直接の対象ではありませんが、一般職の給与改定に合わせて整合的に改正が行われます。

## **議案提出者**

内閣

## **関連リンク**

* みらい議会：[国の一般職の公務員の給与を見直す法律案](https://gikai.team-mir.ai/bills/5b0d43c9-2d2e-4dea-a4c4-d9e3a59d95a6) 
* 人事院：[本年の給与勧告のポイントと給与勧告の仕組み](https://www.jinji.go.jp/content/000011724.pdf)
* 衆議院：[議案名「特別職の職員の給与に関する法律等の一部を改正する法律案」の審議経過情報](https://www.shugiin.go.jp/internet/itdb_gian.nsf/html/gian/keika/1DE099A.htm)",2025-12-01 09:15:17.413281+00,2025-12-09 08:40:44.646752+00
5ad8b297-7b02-4cff-82fd-bd67abc87295,5c51e69d-5a5f-475d-b323-d9b31fd3014f,normal,国際貿易における「船荷証券」をインターネットでつかえるようにする法律案,外国と貿易する際に必要な「船荷証券（ふなにしょうけん）」を、紙だけでなく、デジタルデータとしても使えるようにするための法律案です。,"## 法案の解説
https://youtu.be/g83po_MOqrQ

## 「船荷証券」とは
船荷証券（ふなにしょうけん）とは、外国との貿易で船が貨物を運ぶ際に、運送人（船会社）が貨物を受け取ったことを証明し、その貨物を引き取る権利を表す重要な書類です。この証券を荷物の受取人に渡すことで、受取人は港に到着した貨物を引き取ることができます。

## 改正案のポイント  
1. デジタルの船荷証券を法律で認め、紙と同じ効力を持たせます。
2. コンピュータ上で荷物の持ち主を変えたり、お金を借りる時の担保に使ったりできるようにします。
3. 紙からデジタル、デジタルから紙に切り替えることを認め、使う人が選べるようにします。  
4. 国連が作った世界共通のデジタル化ルールに合わせることで、外国の企業と取引がスムーズになります。

## 法改正が必要な理由  
- 紙の船荷証券は、送るのに国際郵便で数日かかり、船がすでに港に着いているのに、書類がまだ届かず、荷物を受け取れないことがありました。 
- 紙は、なくしたり偽物を作られる危険があるため、その対策に時間とお金がかかっています。 
- 世界の国々はデジタル化を進めていて、それに合わせないと、取引に時間がかかったり、費用がふえて、商品が高くなるおそれがあります。
- そこで、日本でも電子の船荷証券を使えるようにすることが必要とされています。ただし、電子化を強制するものではなく、紙と電子のどちらも使えるようにするのが今回の改正の特徴です。

## 意見がわかれるところ  
**Q1 手続きの速さ vs 新しい仕組みの負担**  
> **👍 期待される効果**  
> 電子化で権利のやり取りがすぐできるようになり、港での引き渡しも早くなります。  
>
> **🤔 心配なところ**  
> 小さな会社には新しいシステムを入れるためのお金や学ぶ時間が負担になります。  

**Q2 安全性 vs サイバー攻撃の危険**  
> **👍 期待される効果**  
> 電子化によって、なくしたり偽物を作られる心配が減り、紙より安全になると考えられます。  
> 
> **🤔 心配なところ**  
> サイバー攻撃や情報もれの危険は残るため、心配する声もあります。  

**Q3 世界のルールに合わせること vs 日本の会社の負担**  
> **👍 期待される効果**  
> 世界のルールに合わせることで、日本の会社も国際的にスムーズに取引できます。  
> 
> **🤔 心配なところ**  
> 国内の会社は新しい仕組みに慣れるまで時間がかかり、コストもかかるという問題があります。  

## 法改正で影響を受ける可能性がある人、団体
- **海運会社や商社**：船荷証券を電子化することで、国際取引のスピードが上がり、書類のやり取りが減ります。一方で、すでに使っているシステムとの整合性を取る必要があります。
- **貿易会社**：手続きが便利になる一方で、導入するためのお金や、新しい仕組みに対応するための学習の負担がかかります。  
- **銀行や保険会社**：船荷証券を担保にしてお金を貸したり、貿易保険を扱ったりする際の事務がスピードアップします。ただし、システム障害やサイバー攻撃への対策を強化する必要があります。 
- **消費者**：貿易のスピードが上がることで、輸入品が早く届きやすくなり、物流コストが下がる可能性があります。ただし、電子システムにトラブルが起きた場合、取引の遅れが生じ、品不足や値上がりにつながるおそれもあります。

## 関連リンク  
[法制審議会商法（船荷証券等関係）部会第１６回会議（令和６年８月２１日開催）](https://www.moj.go.jp/shingi1/shingi04900001_00255.html)  
[日経新聞記事](https://www.nikkei.com/article/DGKKZO81622170U4A620C2EP0000/)  ",2025-09-24 13:42:46.548477+00,2025-10-16 02:39:08.183146+00
6ee09d49-d2d6-4607-913a-b478b8e70147,7604167b-2990-4645-90cc-1a76a97a8a36,normal,地方交付税法及び特別会計に関する法律の一部を改正する法律案,"この法律は、国の補正予算でお金の使い方が変わったときに、市や町が困らないようにするための特別なルールです。
","## なぜこの法改正が必要なのか  
市や町（自治体）は、税金だけでは足りない分を「地方交付税（ちほうこうふぜい）」という仕組みで国からもらっています。国の予算が急に増えたり減ったりすると、市や町も急にお金が足りなくなることがあります。そうなると学校や病院、道路の整備に影響が出てしまいます。そのため、国が特別に調整する仕組みが必要です。

## 法改正のポイント  
- 国の補正予算にあわせて、地方交付税を増やしたり減らしたりできる  
- 経済対策で市や町に新しい負担が出ても、国が助けられるようにする  
- 住民サービスが止まらないようにする  

## 主な論点  

- **市や町の安定 と 国の決める力**  
  - 賛成：市や町のお金が足りなくなっても安心して公共サービスを続けられる。  
  - 反対：国が決める力が強くなりすぎると、市や町が自分でお金を管理する力が弱まる。  

- **一時的な助け と ずっと続くリスク**  
  - 賛成：急な変化にすぐ対応できて、経済対策の効果をみんなに届けられる。  
  - 反対：毎年この方法を使うようになると、ルールが特別対応ばかりになってしまう。  

## 改正で影響する可能性があるのは  
- **市や町**：急にお金が減っても安心できる  
- **住民**：学校・病院・道路のサービスが守られる  
- **国**：お金の使い方にもっと注意が必要になる  

## 関連リンク  
- 総務省「令和6年度補正予算（第1号）に伴う対応等」  
  https://www.soumu.go.jp/main_content/000979817.pdf  
",2025-09-25 07:14:18.276111+00,2025-12-11 11:17:16.30574+00
70842e9c-a5ae-4749-8983-8d8c7fb2fa53,ca47a048-9271-4ff8-b77d-1a98acb4c741,hard,裁判官と検察官の報酬等を変更する法律案,本法律案は、一般の政府職員の給与改定に準じて、裁判官と検察官の給与月額を引き上げるものです。給与月額の他、ボーナスについても変更がなされます。,"## **この法律のポイント**

### **報酬月額の引上げ**

一般の政府職員の給与改定に準じ、裁判官と検察官の給与月額を引き上げます。引き上げる金額は役職によって異なります。各役職に関する説明は後述しています。

* 行政職相当：10,700円〜15,100円（3.27%〜4.33%）  
* 指定職相当：20,000円〜33,000円（2.76%〜3.80%）  
* 特別職相当：34,000円〜57,000円（2.80%〜2.83%）

### **一般の政府職員の給与改定との整合性確保**

国家公務員制度全体の整合性を確保するため、裁判官と検察官の給与改定も一般の政府職員の給与改定に合わせて行われます。

## **裁判官の給与区分**

裁判官の役職はそれぞれ以下の通り、区分されます。「号」とは判事補、簡裁判事、判事に適用される報酬月額の等級で、号数が低いほど報酬が高くなります。

**行政職相当**：判事補1〜12号、簡裁判事5〜17号。判事補は、法曹としての経験10年未満の若手〜中堅の裁判官。  
**指定職相当**：判事1〜8号、簡裁判事特号、1〜4号。判事は、法曹としての経験10年以上の中堅〜ベテランの裁判官。  
**特別職相当**：最高裁長官、最高裁判事、高裁長官。司法制度の最上位層。特別職として扱われる。  

## **検察官の給与区分**

検察官の役職も、裁判官と同様に行政職相当・指定職相当・特別職相当に分かれます。「号」とは検事と副検事に適用される俸給月額の等級で、号数が低いほど俸給が高くなります。

**行政職相当**：検事9〜20号、副検事3〜17号。若手〜中堅の検察官。主に地方検察庁等で日常的な捜査・公判を担当。  
**指定職相当**：検事1〜8号、副検事特号、1・2号。中堅〜上位の役職。日常的な捜査・公判の担当に加え、管理的役割を担う者もいる。  
**特別職相当**：検事総長、次長検事、検事長。検察組織の最上位層。全国の検察を統括するトップクラス。  

## **この法律が必要な理由**

### **民間企業の給与水準と国家公務員の給与水準の差分に基づく調整**

中立的な立場で公務員の給与について調査をする人事院の勧告に基づき、民間水準との比較結果を反映し、裁判官と検察官についても必要な給与水準の調整を行います。

### **国家公務員制度全体の整合性確保**

一般の政府職員の改定内容と裁判官・検察官の処遇とのバランスを適切に保つことで、制度全体の一貫性を維持します。

## **主な論点**

### **制度全体の整合性確保 vs 財政負担の増大**

> **👍 期待される効果**  
> 公務員全体の給与体系の整合性が確保されます。  
> **☝️ 注意が必要な点**  
> 財政への負担が増加します。

## **法改正で影響を受ける可能性がある人・団体**

* **裁判官・検察官**：報酬・俸給月額および特別給の増額を受ける。

## **Q\&A**

### **Q. 一般の政府職員は各種手当も改善されていますが、裁判官と検察官については給与のみの変更となっているのはなぜですか？**

A. ボーナスについては、一般職・特別職公務員の給与の改定に連動して引き上げられます。また一部の手当についても一般職・特別職公務員と連動して改定されます。


## **議案提出者**

内閣

## **関連リンク**

* みらい議会：[一般職の国家公務員の給与や手当を変更する法律案](https://gikai.team-mir.ai/bills/5b0d43c9-2d2e-4dea-a4c4-d9e3a59d95a6)
* 人事院：[本年の給与勧告のポイントと給与勧告の仕組み](https://www.jinji.go.jp/content/000011724.pdf)
",2025-12-01 09:35:31.836184+00,2025-12-11 09:57:35.443363+00
70eb10c7-63e7-4692-995b-3529818281c3,119d1abb-ca5a-40e8-87d7-e7ae6db0f7af,hard,保護司の担い手確保を目指し、活動環境を改善するための法律案,保護司は、犯罪者や非行少年の更生や社会復帰支援、地域での犯罪予防に取り組む民間ボランティアです。保護司は担い手不足と高齢化が深刻なので、法改正により、広く保護司を確保するための法整備や国・自治体・企業の支援義務を明確化し、更生保護制度の持続性を高めることを目指しています。,"## この法律のポイント

### **保護司の確保**  
  * 保護司の条件に含まれていた「人格及び行動について、社会的信望を有すること」という文言を「人格識見が高いこと」に改め、より多くの方に間口を拡げることを目指します。  
  * 保護司の任期を2年から3年に延長し、実務経験を蓄積しやすくします。  
  * これまでは現任の人脈に依存して新しい保護司を探していましたが、この改正により保護観察所長に広報や関係機関との連携の責務を課し、自治体や民間との協力による候補者探しも積極的に行います。

### **活動環境の改善**  
  * 保護司が活動を行う拠点である更生保護サポートセンターを法律上に位置付け、保護司の活動拠点を制度上明確化することとしています。  
  * 地方公共団体の協力規定を「できる」から「努めなければならない」へ格上げし、活動環境の整備を促進します。  
  * 民間企業に対し、保護司である従業員の休暇や勤務時間への配慮を求める規定を新設します。

### **安全確保**  
  * 面接場所の確保を国の責務と明文化し、自宅以外（公民館や地域センターなど）の面接場所の確保をより一層推進します。  
  * 保護司が自身が所属する保護区以外に、他の保護区の更生保護サポートセンターや面接場所の利用ができるようになります。  
  * 保護観察所長が保護観察対象者の再犯リスクの把握のために、他の行政機関や民間団体（市区町村、ハローワーク、福祉事務所、病院、警察など）に対して必要な情報（就労状況・居住先・医療・福祉支援の利用状況など）を照会できるようにします。

### **更生保護事業の拡充**  
  * 保護観察処分少年・執行猶予者で保護観察を終了した者を更生保護事業の対象に追加します。  
  * 法務大臣が更生保護事業従事者の安全確保を推進する責務を新設します。

## 保護司とは

* 保護司は、刑務所や少年院を出た人、または執行猶予中の人などの社会復帰を支援する地域のボランティアで、身分は非常勤の国家公務員です。  
* 保護観察官と連携し、対象者との定期面接（原則月1～3回）を行い、生活の指導や助言、就労先・住居の確保などを支援します。  
* 必要に応じて、刑務所や少年院に入所している人の家族や、関係機関と連絡を取り、再犯防止に向けた釈放後の生活環境の調整を行います。  
* また、地域の学校・企業・自治体と協力して犯罪予防活動や啓発イベントの企画・実施にも関わります。

## 保護司と連携する更生保護の担い手

### 保護観察所長  
  * 保護観察所は法務省の地方支分部局として全国に50か所設置されています。  
  * 保護観察所長は保護観察所の長として保護観察官・社会復帰調整官・事務官などを束ねて、地域の更生保護行政を担っています。  
### 保護観察官  
  * 保護観察官は、法務省に所属する国家公務員で、犯罪や非行をした人が社会の中で再出発できるように支援する仕事をしています。  
  * 対象者の生活状況を確認し、守るべきルールや行動計画を一緒に考えながら、再び問題を起こさないように見守ります。  
  * また、地域で活動する保護司に対して助言やサポートを行う役割も担っています。

## この法律が必要な理由

### **担い手不足と高齢化**  
  * 保護司の定数が52,500人なのに対し現在の保護司の数は約46,000人で、充足率は約88％にとどまっています。また、平均年齢は65歳であり、若年層の参入促進が急務となっています。

### **安全確保の社会的要請**  
  * 2024年に滋賀県で保護司の自宅で活動中の保護司が対象者に殺害される事件が発生し、安全配慮を制度化する必要性が高まりました。

### **地域差の是正**  
  * 地方公共団体による保護司に対する支援に地域差があります。より積極的な地方公共団体の関与を期待するために、努力義務化が求められています。

## 主な論点

### **門戸の拡大と信頼の維持**  
> **👍 期待される効果**  
> 保護司の確保に力を入れることで、若年層や現職公務員、民間人など多様な人材の確保が期待されます。  
> **☝️ 課題**  
> 間口を拡げつつも保護司の質や地域からの信頼を維持していく必要があります。

### **任期延長 vs 負担増に映る可能性**  
> **👍 期待される効果**  
> 任期を2年から3年にすることで、専門性と継続性の向上が見込まれます。  
> **☝️ 注意が必要な点**  
> 任期延長が負担増と捉えられると担い手の確保が困難になることが懸念されます。実際は任期の途中で辞任するなど柔軟に対応できます。

### **自治体の協力義務化 vs 自治体の事務負担**  
> **👍 期待される効果**  
> 自治体の協力を義務化することで公民館などを活用した活動場所の確保が進みます。  
> **☝️ 懸念**  
> より積極的に保護司活動の支援を求められるため、自治体の事務負担が増すおそれがあります。

## Q\&A

### Q. 保護司の条件を変えることで間口の拡大に繋がるの？

A. これまで保護司の条件として「人格及び行動について、社会的信望を有すること」が求められており、地元の名士のような人物しか保護司になれないような印象を与えていた可能性があります。この条件を「人格識見が高いこと」と変更することによって、より多様な方に間口を広げ保護司の担い手を確保しやすくなることが期待されています。

### Q. なぜ保護司はボランティアなの？

A. 以下の理由から保護司に報酬は支払われていません。

* ボランティア精神を重視する  
  * 保護司制度は、明治時代から続く民間の有志による更生支援活動に端を発し、現在もその精神を継承しています。  
* 対象者との信頼関係を築きやすくする  
  * 給与をもらっておこなう監督者ではなく、地域の相談相手・味方として寄り添う存在であることが、対象者との安心感や信頼につながるという意見があります。この意見は多くの保護司自身から出ています。

しかし一定の手当や報酬制度を検討すべきではないかという議論は国会や法務省でも行われており、今後の見直し議論もありえます。

## 影響を受ける可能性がある人

* **保護司**：任期延長と制度的支援により活動の安定化が見込まれます。  
* **地方公共団体**：協力義務強化に伴い対応が求められます。  
* **民間企業**：従業員が保護司として活動する場合の配慮が新たに必要になります。

## 法案提出者

内閣

## 関連リンク

* 法務省：[更生保護制度の充実を図るための保護司法等の一部を改正する法](https://www.moj.go.jp/hogo1/soumu/hogo06_00010.html)  
* 法務省：[保護司、保護司組織（保護司会、保護司会連合会）](https://www.moj.go.jp/hogo1/kouseihogoshinkou/hogo_hogo04-02.html)  
* 法務省：[法務大臣閣議後記者会見の概要](https://www.moj.go.jp/hisho/kouhou/hisho08_00666.html)  
* 参議院常任委員会調査室・特別調査室：[保護司制度の現状及び今後の見直し](https://www.sangiin.go.jp/japanese/annai/chousa/rippou_chousa/backnumber/2025pdf/20251028027.pdf)
",2025-09-29 08:39:57.758367+00,2025-11-24 14:44:55.712759+00
9fffa04b-be79-47a7-bdd9-0d8df779ccf8,5b0d43c9-2d2e-4dea-a4c4-d9e3a59d95a6,normal,国の一般職の公務員の給与を見直す法律案,"国の一般職の公務員の給与を、民間の会社の水準に合わせて見直す法律です。  
初任給の引上げ、手当の調整などを行います。給与を上げることによって、採用をしやすくするねらいがあります。","## **この法律のポイント**

### **基本給を引き上げる**

* 初任給を、総合職大卒は242,000円（+12,000円）、一般職大卒は232,000円（+12,000円）、一般職高卒は200,300円（+12,300円）とします。若手の待遇を中心に改善し、民間の会社との間にある15,014円の月額給与の差を解消します。

### **ボーナスを増やす**

* 一般職は月額給与の4.65か月分（+0.05ヶ月）が年間で支給されるようになります。  
* 幹部の指定職は月額給与の3.50か月分（+0.05ヶ月）が年間で支給されるようになります。

### **手当を調整する**

* 中央省庁は国の行政を行う役所の中心部分を指します。  
* 中央省庁に勤務する職員に支給する手当を広げます。  
* 中央省庁に勤務する管理職は51,800円を新たに受け取ります。  
* 離島や山間部で働く人への手当は、減額せず全額出すように変更します。

### **最低賃金や通勤への対応**

* 法律で定められた最低賃金を公務員給与が下回る場合には、不足を補うための手当を出します。  
* 車で100km以上通勤する場合に支給される手当の上限を上げます。  
* 駐車場代として月5,000円を上限に補助します。

## **一般職・特別職の公務員とは**

国家公務員には以下のような種類があります。今回の法律案はこの中でも一般職の国家公務員の給与に関するものです。

* 一般職  
  * 中央省庁  
    * 指定職職員：各省庁にいる幹部。  
    * それ以外の職員  
  * 地方機関職員：地方の機関に勤務する国家公務員。税務署職員、労働基準監督署職員など。  
* 特別職：総理大臣、国務大臣など。

## **この法律が必要な理由**

### **民間企業と比べて給与水準を調整するため**

* 公務員の給与は、民間の会社と釣り合うように決めるという考え方があります。民間の給料が上がっていればあげる、下がっていればさげるように調整します。  
* 人事院という、公務員の給与についてアドバイスをする組織が毎年調査をしています。  
* 今回は民間の会社が公務員より月額で15,014円高く、その差を埋める必要がありました。

### **採用が難しくなっているため**

* 民間の会社の初任給が上がり、公務員志望者が減っています。  
* 国の仕事に人が集まるように、待遇の改善が必要です。

### **仕事の責任に合った制度にするため**

* 省庁の業務は政策づくり・国会対応など高度で負担が大きくなっています。  
* 責任や役割に合わせて給与を見直す必要があります。

### **比較する企業規模を変える必要があったため**

* 国家公務員の仕事が複雑になっていて、以前より大きな企業と比べるほうが、仕事内容が近い状態になりました。

## **意見がわかれるところ**

### **仕事内容に合った給与への調整 vs 国のお金の負担が増える**

 👍期待される効果：役割に合った給与になります。  
 ☝️注意が必要なところ：国のお金の負担が増えます。

### **初任給の引上げで人材確保 vs 給与バランスの調整**

 👍期待される効果：初任給が上がることによって、より多くの若い人が国家公務員に応募することが期待されます。  
 ☝️注意が必要なところ：若手以外の国家公務員の給与も不公平にならないようにバランス調整が必要です。

### **中央省庁の手当が増える vs 地方の職員との差が拡大**

 👍期待される効果：中央省庁が担当している難しい仕事に見合った手当が払われるようになります。  
 🤔心配なところ：地方の職員とのお給料の差が広がるおそれがあります。

## **影響を受ける可能性がある人**

* **一般職の国家公務員** ：給与・手当の増額を受ける。

## **よくある質問**

### **公務員の給与は誰が決めるの？**

* 人事院という、公務員の給与についてアドバイスする組織が毎年、民間の会社の給与などについて調査をしています。  
* 内閣が法律案を作り、国会で議論・決定して初めて国家公務員の給与が変わります。

### **なぜ人事院が比較する企業の規模が大きくなったの？**

* 中央省庁の仕事が以前より複雑で高度になりました。  
* 人を採用するときに、比べられる相手が大企業に変わってきたためです。  
* 現在の仕事内容や、採用するときの競争相手になる規模の会社と給与を比べることで、公務員の仕事にあった給与の水準を判断できます。

## **議案提出者**

内閣

## **関連リンク**

* みらい議会：[特別職の国家公務員の給与や手当を変更する法律案](https://gikai.team-mir.ai/bills/67e0b771-6653-4542-9767-e0fe3a8599be)  
* 人事院：[本年の給与勧告のポイントと給与勧告の仕組み](https://www.jinji.go.jp/content/000011724.pdf)
* 衆議院：[議案名「一般職の職員の給与に関する法律等の一部を改正する法律案」の審議経過情報](https://www.shugiin.go.jp/internet/itdb_gian.nsf/html/gian/keika/1DE0996.htm)",2025-12-09 08:15:39.946647+00,2025-12-09 09:04:37.420277+00
a2a85691-f62a-462f-9454-4ab488e04ab3,126f6408-fd43-4bfb-91f7-3bdd79890954,normal,ストーカーによる忘れもの防止タグ悪用を禁止＆警察がすぐ動けるようにする法律案,忘れものをしないために財布や鍵などに取り付けてスマートフォンで位置を追跡するための「忘れもの防止タグ」。これを悪用して、ストーカーが人の居場所を勝手に追う事例が増えています。この法律はそうした行動を禁止するものです。また、被害者からの申し出がなくても警察がすぐに動けるしくみを作ったり、ストーカー被害を受けている人を、地域住民だけでなく学校や会社が助けることを呼びかけます。,"## **この法律のポイント**

### **忘れもの防止タグを使った追跡を禁止する**  
  * ストーカーが人のかばんや車などに忘れもの防止タグをこっそり入れて、勝手にどこにいるか調べる行為を禁止します。忘れもの防止タグを悪用したストーカーの件数は2021年時点の3件から2024年は370件まで増えています。  
  * 今回の法律改正で忘れもの防止タグを悪用したストーカー行為を取り締まれるようになります。

### **人の住所などを勝手に教えないようにする**  
  * これまでは探偵などの第三者が、ストーカー目的とは知らずストーカーに被害者の住所や行き先を教えてしまうことがありました。今回の法律は、ストーカーに被害者の情報が提供されそうなときに、警察がその情報を渡さないようにお願いできるしくみを作ります。  
  * 具体的には、警察がストーカー被害者の自宅近辺をパトロールする中で被害者を調べている探偵を見つけた際、これまでは個人情報保護の観点から依頼主がストーカー加害者であることを伝えることが難しいこともありましたが、この法律改正によって伝えることができるようになります。こうすることで探偵業者は依頼主からの依頼を断れるようになります。

### **警察がすぐに動けるようにする**  
  * 今までは被害にあった人が警察にはっきりとお願いしないと警察はストーカーしている人にストーカー規制法に基づく警告ができませんでしたが、これからは警察が自分の判断で警告ができるようになります。

### **会社や学校も被害者を守るために努力する**  
  * これまでの法律では、ストーカー被害がおきている地域の住民はストーカーの被害者を助けるよう努力することが求められていました。これからはそれに加えて、ストーカーの被害者を雇っている人や、その人が通う学校の校長先生も被害者を守るための努力をする義務が生まれます。
  * 例えば職場や学校で不審な人物を見かけた際にはためらわず警察に通報することなどが期待されます。

## **改正前の法律はどんな内容？**

ストーカー規制法は2000年にできた法律で、つきまとい、しつこい電話やメッセージ、見はりなどをくり返す行為をストーカーとして取り締まるものです。

## **なぜこの法改正が必要なのか**

### **元の法律では忘れもの防止タグの悪用に対応できない**  
  * 元の法律でもスマートフォンなどのGPSを悪用したストーカー行為は禁止されていますが、忘れもの防止タグは使われている技術がGPSとは違うため取り締まることができませんでした。

### **警察への依頼をためらう被害者を助ける**  
  * 加害者からの仕返しを恐れるなどの理由で、被害者が、警告をする依頼を警察にしない事例があります。 
  * ただ、警告をすることで8割のストーカー行為は落ち着くと言われています*。警察が被害者からの依頼がなくても自分の判断で警告ができれば、ストーカー行為がより早く解決することにつながる可能性があります。　　  
  \*出典：[警察庁『平成26年度警察庁委託調査研究報告書（ストーカー加害者に対する精神医学的・心理学的アプローチに関する調査研究Ⅰ）』2015年](https://www.npa.go.jp/safetylife/seianki/stalker/H26_researchreport.pdf)

### **第三者からストーカー加害者に情報が漏れてしまうことがある**   
  * 探偵や知人などから、ストーカー被害者の居場所などの情報が加害者に漏れてしまい、事件に発展する例があります。

### **働く場所や学校の協力が必要**   
  * 最近はストーカー被害者の働いている職場や通っている学校に、ストーカー加害者が姿を現す事例もあるため、より職場や学校と警察が連携することが求められています。

## **意見がわかれるところ**

### **警察がどう判断すべきか**  
> **👍 期待される効果**  
> 警察の判断によってストーカー被害者を早く助けられるようになります。  
> **🤔 注意したほうがいいこと**  
> 警察の判断がいきすぎて、本当はそこまでしなくてもいい人にまで注意してしまうかもしれません。

### **被害者のさらなる保護 ＆ 会社・学校の理解を助ける必要**  
> **👍 期待される効果**  
> 会社や学校でもストーカー被害者を守ります。  
> **☝️ 必要なこと**  
> 会社や学校が新しい法律を理解して、被害者が安心して相談できる環境が整えられるよう国から伝えていくことが大切です。

## **この法案で影響を受ける可能性がある人や組織**

- **探偵や調査をする人** ：個人情報の扱いにもっと注意する必要があります。  
- **会社や学校** ：社員や生徒を守ることを意識する必要があります。

## 議案提出者
内閣

## **関連リンク**  
- 警察庁：[国会提出法案｜警察庁Webサイト](https://www.npa.go.jp/laws/kokkai/index.html)  
- 衆議院：[各委員会所管事項の動向（第219回国会）p.7](https://www.shugiin.go.jp/internet/itdb_rchome.nsf/63da430ca66f6757492574180016fd6e/7e4ab8e08a00b9e849258d3200198c16/$FILE/doukou219_all2.pdf#page=15)  
- 日本経済新聞：[ストーカー規制、紛失防止タグも対象に　位置情報取得による被害急増](https://www.nikkei.com/article/DGXZQOUD072600X01C25A1000000/)",2025-11-14 10:11:48.258175+00,2025-11-18 02:07:41.148957+00
ae8fa872-0444-470c-8b3d-fe887f64c371,a6aad95e-5b88-4c60-995f-46940ad18fcb,hard,洪水・高潮に関する予報・警報を高度化し、予報業務を行う外国法人などの規制を強化する法律,"本法案は、豪雨や高潮などの自然災害が頻発し、その規模も深刻になっている状況を踏まえ、洪水および高潮に関する予報・警報を高度化します。同時に、外国法人等による不適切な予報業務を防止するための規制を強化します。洪水特別警報の新設、高潮の共同予報・警報の導入、予報業務許可制度の見直しなどを通じて、水災害による被害の軽減と情報の信頼性確保を目的としています。
","## この法律のポイント

### 洪水特別警報の新設

* 洪水による重大な災害の恐れがとても大きい場合に、気象庁が住民に対して速やかかつ確実に危険を伝えるための「洪水特別警報」を新設します。特別警報の発表に必要な判断材料を揃えるため、河川管理者が氾濫の危険が迫っていると判断した場合、速やかに気象庁等へ知らせる仕組みを導入します。  
* また気象庁からも、洪水特別警報を発表するかの判断にあたり、必要があれば国土交通大臣や都道府県知事に水位の変化や設備の被害状況などの情報提供を求めるようになります。

### 高潮の共同予報・警報の創設

* 高潮の予報・警報については、これまで気象庁が単独で実施してきましたが、今後は国土交通大臣、気象庁長官、都道府県知事が共同で、指定海岸において波の打上げを考慮した高潮の共同予報・警報を実施できるようにします。  
* 指定海岸内の海岸管理者や市町村が持つ情報を都道府県が集約して国土交通省・気象庁と連携することで、より精度の高い予報が可能になります。施行後5年以内に10海岸での実施を目指します。

### 外国法人等による予報業務の規制強化

* 外国法人等が予報業務を行う許可を申請する時には国内代表者等の指定を義務付け、所在不明時には許可を取り消すことを可能にします。  
* 無許可業者や違反業者の名称等を公表できる制度も導入します。

## この法律が必要な理由

### 洪水に関する警報が不十分

* 従来は豪雨の際には大雨特別警報や避難情報を使って住民に避難を呼びかけていました。 ただし、大雨特別警報は雨の強さをもとに出されますが、洪水は雨が弱まった後に起こることもあります。実際に川が氾濫する直前であってもその状況を正確に伝え安全を守る行動を促す仕組みは十分ではありませんでした。

### 洪水予測モデルの精度向上

* 河川の監視体制や洪水予測モデルの向上により、実効性のある洪水特別警報が実施可能になりました。

### 高潮予測モデルの精度向上 

* 高潮予報・警報についても、これまで気象庁が単独で実施していましたが、重大な損害が生じるおそれのある海岸については、国土交通大臣、気象庁長官、都道府県知事が共同して、波の打ち上げなどの詳細な要素を加味した予報を新たに行うことで、予測の精度を向上させることが可能となります。

### 情報の信頼性確保

* 外国法人等による不適切な予報配信が国内で確認されており、利用者保護が必要です。
* 国内事業者については、技術的な裏付けのないなどの不適切な予報を行った場合は行政処分が可能ですが、外国法人の場合は連絡がとれないことがあるため、国内代表者の設置を義務付けることで行政の管理が行き届く体制を構築します。

## 主な論点

### 洪水情報伝達がより早く・正確になる vs 河川管理者の負担

> **👍 期待される効果**  
> 洪水特別警報の新設によって、川の水位や堤防の損壊状況などをもとに、住民へ危険をより早く・正確に伝えられます。また「特別警報」という名称を用いることで、より明確に危険性を伝えることも期待されています。  
> **☝️ 課題**  
> 河川管理者は氾濫による危険の切迫を認める場合に通報できる体制を整える必要があります。

### 高潮の予報精度向上 vs 都道府県の負担

> **👍 期待される効果**  
> 市町村レベルの情報を都道府県で集約し、国土交通省や気象庁と連携することで、それぞれの海岸特有のデータを考慮した予測技術により、高潮の危険をより正確に把握できます。  
> **☝️課題**  
> 市町村レベルの情報の集約を都道府県が行うため、そのための体制構築や人員の教育が必要になります。

### 気象情報の信頼性向上 vs 外国法人の負担

> **👍 期待される効果**  
> 外国法人等についての規制を強化することで、国内利用者が信頼できる気象情報を得られます。  
> **☝️ 注意が必要な点**  
> 外国法人は追加の対応が必要になります。

## Q\&A

### Q. 洪水特別警報が設置された背景は？

A. 令和元年の東日本台風のときには、大雨特別警報が解除されたあとに洪水が発生し、住民が避難先から戻って孤立するというケースも起きました。このような事例から、川の水位や堤防の損壊状況など洪水そのものの危険を直接知らせる情報の必要性が認識されました。

## 影響を受ける可能性がある人・団体

* **都道府県・河川管理者**：洪水や高潮の共同予報に参加し、情報共有体制を整備する必要があります。  
* **民間気象事業者・外国法人**：新たな許可手続き・国内代表者指定が義務化されます。

## 関連リンク

* 日本経済新聞：[海外発の天気予報に新規制、代理人指定を義務に　誤警報防止へ気象庁](https://www.nikkei.com/article/DGXZQOUA30AMT0Q5A031C2000000/)  
* 国土交通省：[「気象業務法及び水防法の一部を改正する法律案」を閣議決定～予報・警報を高度化・適正化します～](https://www.mlit.go.jp/report/press/mizukokudo02_hh_000043.html)",2025-09-25 07:17:53.706519+00,2025-12-09 08:04:37.944775+00
ca316951-5ccc-45d0-9aa3-f2148e8200c1,77e4482c-4bab-4ee3-824d-0a602995c13a,hard,DV防止法に紛失防止タグ規制を新設する法律案,DV被害者の安全をより確保するために、裁判所に接近禁止等を命じられた加害者が紛失防止タグを使って被害者の位置情報を無断で取得する行為を禁止するための法律案です。,"## **この法律案のポイント**

* **紛失防止タグを使った行為への対応**  
  紛失防止タグを悪用したDV事案が発生しているため新たに規制対象とします。

## **そもそもDV防止法とは何か**

* DV防止法（正式名称：配偶者からの暴力の防止及び被害者の保護等に関する法律）は、配偶者や元配偶者などからの暴力を防止し、被害者の生命・身体・尊厳を守ることを目的として2001年に制定されました。  
* 刑法のように加害者を処罰することではなく、行政・司法・民間が連携して被害者を保護し、支援する点に特徴があります。  
* 主な仕組みとして、都道府県に配偶者暴力相談支援センターを設け、相談・一時保護・生活再建支援を行う体制を整備しています。  
* さらに、裁判所が発令する保護命令制度により、加害者に対して被害者への接近禁止や退去命令を出すことができます。  
* 法制定の背景には、これまで家庭内で起こる配偶者からの暴力が私的な問題とされ、十分な公的支援が存在しなかったという社会的課題がありました。

## 法改正が必要な理由

* 現行法では接近禁止等を命じられた者によるスマートフォンを含むGPS機器による位置情報取得を規制していますが、紛失防止タグはBluetoothで周りに位置情報を渡し、周りの機器が情報を発信しているため、現行法の規制対象外となっていました。今回の改正により法の抜け穴を防ぐ必要があります。

## **法改正で影響を受ける可能性がある人・団体**

* **DV被害者** ：紛失防止タグで居場所を特定されることを防ぎやすくなります。

## 議案提出者
内閣

## **関連リンク**

内閣府：[配偶者暴力防止法について](https://www.gender.go.jp/policy/no_violence/e-vaw/law/index2.html)  
内閣府：[国会提出法案](https://www.cao.go.jp/houan/219/index.html)",2025-11-18 00:15:24.442324+00,2025-11-18 00:26:38.731253+00
caa29dfb-e370-42bf-b639-2020f9913056,dc1ae4cf-557e-4685-99a2-0843407ed6a5,hard,ガソリン暫定税率廃止法案,"本法案は、ガソリン税（揮発油税）および地方揮発油税に上乗せされている「暫定税率」（1リットルあたり25.1円）を廃止し、税率を本来の水準に引き下げるものです。  
現下の揮発油の価格の高騰から国民生活及び国民経済を守ることを目的としています。法施行は2025年（令和7年）11月1日を目指しています。

なお、ガソリン税には、価格高騰時に暫定税率を自動停止する「トリガー条項」が存在します。しかし、2011年の東日本大震災以降、復興財源確保を理由に凍結されたままで、現在は発動できません。今回の法案は、このトリガー条項を再開するのではなく、上乗せ税率自体を恒久的に廃止するものです。
","## 改正案のポイント
1. **「暫定税率」の廃止と本則税率への復帰**  
　1970年代のオイルショック以降に暫定措置として上乗せされてきた「暫定税率」（25.1円/L）を撤廃し、本来の税率へ戻します。これにより、ガソリン小売価格の引き下げが期待されます。なお、このことに伴い、トリガー条項は削除されます。

2. **製造・販売業者への差額給付による円滑な価格調整**  
　法施行時点で製造者・販売業者が保有しているガソリンについて、税率変更によって損失を被らないよう、国が差額分を給付します。これにより、価格転嫁の混乱や供給不安を防ぐ措置を講じます。

3. **地方財政への影響を全額補填**  
　地方揮発油税の暫定税率の廃止により、地方公共団体にとって地方揮発油譲与税の減収が発生します。この減収分の全額を政府が補填する予定です。

## 法改正が必要な理由
- 国際原油価格の高騰により、ガソリン価格は全国平均で170〜180円/L前後と報告されることが多くなっています。政府は補助金（激変緩和事業）により価格を抑制してきましたが、恒常的な補助金支出には限界があります。  
- この法率は税制上の上乗せを廃止し、恒久的な価格引き下げを図ることで、家計支援を実現する狙いがあります。  
- 同時に、地域経済・物流・観光など、燃料価格の影響を受けやすい分野の負担軽減も目的としています。

## 主な論点

### **Q1：恒久的な廃止 vs 一時的な対応**
> **👍 期待される効果**  
> 一時的な発動を繰り返すより、税率を恒久的に引き下げた方が市場の予見性が高まり、政策運用が安定します。  
>
> **🤔 懸念**  
> 恒久的な廃止は財政負担が大きすぎるという指摘があります。

### **Q2 家計支援・物価抑制 vs 財政負担**
> **👍 期待される効果**  
> ガソリン価格を25円/L前後引き下げることで、生活コストの低減が期待できます。結果としてインフレ抑制や地域消費の下支えにつながります。  
>
> **🤔 懸念**  
> 税収減は約1兆205億円（11月1日に施行される場合、令和7年度は約4,112億円）に上り、財政負担が増大します。法律案には補填財源が明示されておらず、将来的な赤字拡大が懸念されます。

### **Q3 地方財政の安定 vs 国の補填の持続性**
> **👍 期待される効果**  
> 法案は「政府が地方揮発油譲与税の減収分を全額補填するための措置を講ずる」と規定しており、政府に対して補填の実施を義務づけています。地域経済への影響も最小化できます。  
>
> **🤔 懸念**  
> 補填は法的枠組みとして恒久的か不明で、実際の配分時期・算定方法に不透明さが残ります。自治体の安定財源が国の裁量に依存する懸念があります。

### **Q4 運用コスト・流通現場への影響 vs 制度設計の現実性**
> **👍 期待される効果**  
> 差額給付制度により、製造・販売業者の負担を軽減し、価格引き下げを円滑に進められます。行政が市場混乱を抑える仕組みを確保しています。  
>
> **🤔 懸念**  
> 在庫把握や給付金の算定・支払いに事務負担が生じ、制度運用が複雑化する恐れがあります。給付の不正受給防止など、行政コストの増加も懸念されます。

### **Q5 環境政策・脱炭素との整合性**
> **👍 期待される効果**  
> 一時的な経済支援策としては合理的であり、燃料価格を下げて消費活動を刺激することで景気回復に寄与します。  
>
> **🤔 懸念**  
> ガソリン価格引き下げは燃料消費の増加を招き、CO₂排出削減目標に逆行します。環境政策との整合性が求められます。

### **Q6 公平性・地域格差**
> **👍 期待される効果**  
> 地方部や自動車依存地域の家計を直接的に支援でき、観光業など地域経済の底上げが期待されます。
>
> **🤔 懸念**  
> 車を持たない都市部住民や公共交通中心地域には恩恵が及ばない恐れがあります。


## 改正で影響する可能性がある主体
- **ガソリン製造・販売業者**：税率引下げに伴い国に在庫量を報告し、差額分の補填を受けるための手続きが発生します。  
- **地方自治体**：地方揮発油譲与税の減収を国が補填します。ただし補填の運用が遅れる場合、短期的な資金繰りに影響の可能性があります。  
- **消費者・運輸事業者**：燃料価格低下で家計や輸送コストが軽減する可能性があります。 
- **国**：税収減・補填支出により財源をどのように確保するかが課題となります。


## 議案提出会派
立憲民主党・無所属, 日本維新の会, 国民民主党・無所属クラブ, 日本共産党, 参政党, 日本保守党

## 議案提出者一覧
重徳和彦, 階猛, 大西健介, 青柳仁士, 斎藤アレックス, 田中健, 岸田光広, 辰巳孝太郎, 鈴木敦, 島田洋一, 新垣邦男


議案提出の賛成者一覧は[衆議院の議案情報のページ](https://www.shugiin.go.jp/internet/itdb_gian.nsf/html/gian/keika/1DDFF1A.htm)をご覧ください。


## 関連リンク
- [衆議院法案情報：租税特別措置法等改正案（第218回国会）](https://www.shugiin.go.jp/internet/itdb_gian.nsf/html/gian/honbun/g21805001.htm)  
- [衆議院法案情報：議案提出者情報など](https://www.shugiin.go.jp/internet/itdb_gian.nsf/html/gian/keika/1DDFF1A.htm)   
- [参議院調査室：ガソリン税とトリガー条項の仕組み](https://www.sangiin.go.jp/japanese/annai/chousa/rippou_chousa/backnumber/2022pdf/20220708087.pdf)  
- [財務省：自動車関係諸税・エネルギー関係諸税に関する資料](https://www.mof.go.jp/tax_policy/summary/consumption/d10.htm)  
- [環境省：揮発油税等の当分の間税率の廃止の影響試算について](https://www.env.go.jp/content/000334522.pdfhttps://www.env.go.jp/)
",2025-10-13 07:41:00.768589+00,2025-10-16 04:12:39.465842+00
cc8f3bec-4e95-4587-bb82-fd870926e7bf,09fd53cb-8b12-4bd4-bfe2-17b3bfd31410,hard,医療法等の一部を改正する法律案,本改正は、①地域医療構想の見直し（医療機関機能の年次報告など）、②医師偏在是正（外来医師過多区域での要請・勧告・公表と、重点区域への経済的インセンティブ）、③オンライン診療の法制化、④電子カルテ情報共有と医療等情報の二次利用、⑤社会保険診療報酬支払基金の抜本改組（医療DXの開発・運用主体化）を柱に、2040年頃を見据えた医療提供体制を再設計します。,"## 改正案のポイント
- **地域医療構想の見直し・機能報告**

地域医療構想を、単なる病床数の最適化にとどめず、入院・外来・在宅・介護の連携まで含めた「提供体制全体」の将来像へと拡張します。全ての病院は機能に関する年次報告（例：高齢者救急の受入れ、急性期医療の拠点など）が義務付けられます。市町村を地域医療構想調整会議の構成員として明確化し、医療・介護の接続を強化します。

- **外来医師過多区域**

外来医師過多区域における無床診療所の新規開設は事前届出制となります。外来医師過多区域では、都道府県知事は不足している医療機能の提供を要請し、必要に応じて勧告・公表が可能になります。都道府県知事の要請に応じなかった場合等に限り、保険医療機関の指定に3年以内の期限を付すことを可能にします（令和8年4月1日施行）。

- **重点区域への経済的インセンティブ**

都道府県が特に医師不足が顕著となる地域を特定し、そこを「重点医師偏在対策支援区域」として設定します。保険者拠出金を原資に、手当上乗せを実施します。診療報酬のみで賄うと特定地域の患者負担が上がる問題を回避できます。

- **オンライン診療の法制化**

医療法にオンライン診療を定義します。実施基準（対面診療との組合せ・急変時対応）、受診の場を提供する施設の届出・標準設備、広告規律等を整備します。併せて、監視・立入検査における法律上の根拠を規定します。

- **電子カルテ情報共有・二次利用**

電子カルテ情報共有サービスを法定化し、3文書・6情報（健診結果・診療情報提供書・退院サマリー／傷病名・アレルギー・感染症・検査・処方等）の標準共有を段階拡大します。感染症届を当サービス経由で届出可能にします。厚労大臣等所管DBの仮名化情報の研究・行政評価への利用/提供を制度化します（アクセス監査・追跡を前提）。

- **支払基金の抜本改組**

社会保険診療報酬支払基金は医療情報基盤・診療報酬審査支払機構へ改称・再編します。医療DX業務を担当する常勤理事（CIO）の設置、情報系組織の再設計、中期計画等を明文化します。

- **施行期日**

令和9年4月1日を中心に、一部は令和8年4月1日・10月1日、その他は公布後1〜3年以内の政令で定める日で段階施行します。

## 法改正が必要な理由
- **超高齢社会の本格到来と需要の""連続化""**

2040年頃に向けて、85歳以上を中心に医療・介護の複合ニーズが伸長します。救急→急性期→回復期→在宅・介護が連続して発生するため、病床偏重から機能ベースの地域医療構想への転換が不可欠です。各病院の機能の年次報告（高齢者救急の受入れ、急性期医療の拠点など）により、地域の役割分担を可視化して不足機能の補完や連携ルート（救急・リハビリ・在宅バックアップなど）を設計可能にします。

- **医師の""地域×診療科""偏在の固定化**

都市部外来の過多・地方/基礎診療の不足が課題となっています。重点区域への手当上乗せなどの経済的インセンティブと、外来医師過多区域での不足機能に対する要請→勧告→公表の仕組みなどを組み合わせ、ミスマッチの是正を図ります。

- **データ分断による質・効率・公衆衛生対応の毀損**

施設間で電子カルテがつながらず、救急時の情報欠落・重複検査・服薬事故リスクが残存しています。電子カルテ情報共有サービスを制度化し、3文書・6情報（健診結果・診療情報提供書・退院サマリー／傷病名・アレルギー・感染症・検査・処方等）を標準共有します。感染症届出の電子連携で行政把握を迅速化します。

- **オンライン診療の基準不在による質・広告の揺らぎ**

オンライン診療の実施方法や、診療を行う施設・広告に関するルールが法令上明確化されておらず、安全性や誇大広告などの懸念があります。
この改正では、オンライン診療の定義と安全な実施基準を法令で明確にし、受診施設の届出や広告に関するルールを整えることで、安全で信頼できる診療体制をつくります。

- **DXガバナンスの分散と責任希薄**

医療DX関連のシステムについて、国の意思決定の下で速やかにかつ強力に推進していくため、全体を統括し、機動的で無駄のないシステム開発を行う必要があります。
今回の改正では、支払基金を再編しCIO（最高情報責任者）を設けることで、方針策定から運用までを一元的に管理できる体制を整え、全国で安定して止まらない医療情報基盤を確立します。

## 主な論点
- **開業の自由 vs 地域必要医療の確保**

事前届出や要請→勧告→公表は実効性がある一方、過度な介入や形式的な不足機能指定の懸念があります。要件の透明化など必要な手続きの整備が必要です。

- **拠出方式 vs 診療報酬誘導**

保険者拠出は広域平準化に有効ですが、給付-負担対応の原則が薄いとの批判があります。そこで、総枠キャップ、按分式、用途の限定で正当性を担保します。

- **データ利活用促進 vs プライバシー保護**

医療データを研究や行政評価に活用することで、診療の質向上や政策立案の精度が高まる一方、個人情報の再識別や目的外利用のリスクも高まります。
そのため、仮名化情報の厳格な管理や利用目的・必要性等の適切な審査、アクセスログ監査などを行いリスクを低減します。
また、本人同意の範囲やデータ利用の目的を明確にし、透明性を確保することが重要です。

- **相互運用性確保 vs 実装負担**

医療機関間でデータを共有できるように標準化（HL7 FHIR/JP仕様準拠、オープンAPI）が進めば、連携が容易になりますが、特に中小の医療機関ではシステム改修や人材確保のコスト負担が課題となります。
このため、標準型EHRの導入支援や改修補助、SaaS型セキュリティ対策を通じて実装負担を軽減し、段階的な導入を可能にします。
また、データの可搬性を契約や標準仕様で明確化し、ベンダーロックインを避けることも求められます。

## 改正で影響を受ける可能性がある主体
**都道府県**
  - 重点区域の指定（例：人口医師偏在指標、地理的条件等）をします。
  - 偏在是正事業の設計・配分（手当単価等）を行います。
  - 地域医療構想の更新（市町村・医療関係者・保険者等との協議など）をします。

**医療機関（病院・無床診療所）**
  -  機能報告義務と、不足機能への対応要請に応じる責務が生じます。
  - 要請に応じなかった場合などに限り、保険医療機関の指定に3年以内の期限を付すことが可能になります。
  - オンライン診療適合（対面診療との組合せ、急変時対応等）が必要です。
  - EHR改修・共有サービス接続・感染症届電子化へのIT/運用コストが発生します。

**医師（勤務・派遣・開業希望）**
  - 重点区域勤務の手当上乗せ等の処遇改善があります。
  - 外来医師過多区域において無床診療所の開業を予定する者は、事前届出と不足機能対応義務の可能性を織り込んだ事業計画が必要です。

**保険者・支払基金（改組後""機構""）**
  - 拠出金の徴収・按分・執行監査、医療DXの運営を担当します。
  
**患者・住民**
  - 救急・紹介・在宅の回遊がスムーズになり、重複検査や薬剤重複が抑制されます。
  - マイナポータル閲覧の利便性が向上します。一方で電子証明書期限切れ時の代替（資格確認書）等の周知が重要です。

**大学病院・医療系人材供給主体**
  - 広域派遣・人材育成・難症例集約の役割を明確化します。地域医療構想における地域医療のハブとして再定義されます。

## 関連リンク
- [内閣法制局　医療法等の一部を改正する法律案](https://www.clb.go.jp/recent-laws/diet_bill/detail/id=4940)  
- [厚生労働省 医療法等の一部を改正する法律案の閣議決定について（報告）](https://www.mhlw.go.jp/content/10801000/001421848.pdf)  
- [衆議院 議案審議経過](https://www.shugiin.go.jp/internet/itdb_gian.nsf/html/gian/keika/1DDE412.htm)
- [参議院 議案審議情報](https://www.sangiin.go.jp/japanese/joho1/kousei/gian/218/meisai/m218080217021.htm)
- [参議院調査室「医療法等改正案の概要及び論点」](https://www.sangiin.go.jp/japanese/annai/chousa/rippou_chousa/backnumber/2025pdf/20250425014.pdf)
- [修正案](https://www.shugiin.go.jp/internet/itdb_annai.nsf/html/statics/housei/html/h-shuhou219.html#shu4)",2025-09-25 04:56:13.848298+00,2025-11-27 07:44:55.448158+00
d844e4cd-aecf-4a62-a8ed-76eafc6887f9,eebdc918-4d0b-4bfb-acd9-4e468d03aff4,normal,競馬法・日本中央競馬会法の一部改正,"政府は、これから5年間、農業を強くするための大きな改革を進めます。  
そのために、競馬の売上から国に入るお金（JRAの国庫納付金）の使い方のルールを見直します。  
今ある使い道は減らしません。その上に追加（上乗せ）して使えるようにする考えです。  
","## なぜこの法改正が必要なのか
- 農地をまとめたり、古い施設を直したり、新しい機械を入れたりするには、**短い期間に集中的なお金**が必要です。  
- もうあるお金の流れ（JRAの国庫納付金）を**わかりやすく**、**早く使える**形にすると、改革が進みます。  
- **目標（KPI）**を決めて、**毎年の結果**を公開すると、**説明責任**を果たせます。

## 法改正のポイント
- **別枠（べつわく）として上乗せ**します。今ある使い道（畜産・福祉）は**下げません**。  
- **5年**の特別ルールにします。続けるなら**国会で決め直し**ます。  
- **目標（KPI）**を決めて、**毎年報告**します。第三者が**チェック**します。  
- うまくいかない時は**自動で見直す**仕組みを入れます。  
- 山あいなど条件がきびしい地域にも**配慮**します。

## 主な論点（賛成・反対）
### 今あるお金の見直しで早く進める VS もとの畜産・福祉がへる心配とえこひいき
- **賛成**：新しい税金をふやさず、**今あるお金の使い方を見直す**ことで、5年間の改革を**すばやく**進められます。食料の安心や地域の元気にもつながります。  
- **反対・懸念**：これまでの**畜産や福祉**のお金が**へる心配**があります。お金の配り方に**えこひいき**が出たり、**けいばや馬に関わる仕事**に悪い影響が出たりするおそれがあります。

## 改正で影響する可能性があるのは
- **農家・農業法人**：土地や施設の整備、機械の導入が**進みやすく**なります。  
- **畜産・福祉の受益者**：今までのお金が**守られるか**が大事です。  
- **競馬に関わる人**（事業者・ファン・地域）：お金の配分が変わることで**影響が出るか**に注目が集まります。  
- **市町村・都道府県**：地域の条件に合わせて**申請や計画**を考える必要があります。

## 関連リンク
- 骨太方針2025（政府の方針）：https://www5.cao.go.jp/keizai-shimon/kaigi/cabinet/honebuto/2025/2025_basicpolicies_ja.pdf  
- 食料・農業・農村基本計画：https://www.maff.go.jp/j/keikaku/k_aratana/  
- 計画の本文（PDF）：https://www.maff.go.jp/j/keikaku/k_aratana/attach/pdf/index-61.pdf  
- 法案の最新状況（一覧）：https://www.maff.go.jp/j/law/bill/  
- けいばのお金のしくみ（JRA）：https://www.jra.go.jp/company/social/treasury/
",2025-09-25 06:42:32.162748+00,2025-09-25 06:48:34.19041+00
dc2f0629-0bae-44fd-a08f-e2add4b51ed3,5b0d43c9-2d2e-4dea-a4c4-d9e3a59d95a6,hard,一般職の国家公務員の給与や手当を変更する法律案,"本法律案は、人事院勧告を踏まえ、一般職国家公務員の俸給月額および各種手当などを改定するものです。民間企業の給与水準と国家公務員の給与水準の差分の月額15,014円（3.62％）の解消、採用市場での競争力向上、人材確保の強化、公務の職務・職責への適切な評価付与を目的とします。","## **この法律のポイント**

* **俸給表の引上げ改定**  
  俸給表は民間企業でいうところの給与テーブルにあたるものです。若年層を中心に初任給を引上げ、例えば総合職大卒は242,000円（+12,000円）、一般職大卒は232,000円（+12,000円）、一般職高卒は200,300円（+12,300円）とします。官民較差15,014円を解消します。

* **ボーナスの年間支給月数の引き上げ**  
  一般の職員は4.60ヶ月分から4.65ヶ月分へ、指定職職員は3.45ヶ月分から3.5ヶ月分へ0.05ヶ月分を引き上げます。

* **諸手当の見直し**  
  中央省庁の本部（本府省）職員に対する本府省業務調整手当を拡大し、幹部・管理職員へ51,800円を新規支給します。課長補佐級は10,000円、係長級以下は2,000円を引き上げます。特地勤務手当（離島や山間部などの地域に勤務する国家公務員対象の手当）の減額調整を廃止し、転居を伴う職員へ対象を拡大します。

* **最低賃金上昇への対応と通勤手当の改善**  
  地域別最低賃金を下回る場合に補填手当を新設します。自動車通勤者について100km以上の新区分を設け、上限を66,400円に引き上げます。駐車場利用者に月5,000円（上限）を支給する制度を新設します。

## **一般職・特別職の公務員とは**

国家公務員は以下のように分類され、この法律案では一般職が対象になります。

* 一般職  
  * 中央省庁  
    * 指定職職員：各省庁の幹部。事務次官、審議官、局長、部長など。  
    * それ以外の職員  
  * 地方機関職員：中央省庁の現場を担う地方出先機関に勤務する国家公務員。税務署職員、労働基準監督署職員など。  
* 特別職：総理大臣、国務大臣など。

## **この法律が必要な理由**

* **民間企業との待遇格差の是正と民間準拠原則の徹底**  
  民間企業との給与比較に基づき、国家公務員の給与水準を適正に保つためです。人事院勧告では、比較対象とする民間企業の規模を50人以上から100人以上へ、本府省は500人以上から1,000人以上へ変更し、公務の職務・責任をより正確に反映するとされています

* **採用難の深刻化への対処**  
  民間企業で初任給が上昇しており、国家公務員の採用市場での競争力確保が急務となっています。

* **職務・職責に応じた給与体系への転換**  
  本府省業務の負荷増大や政策立案能力の重要化を踏まえ、役職段階に応じた給与体系への移行が求められています。

## **主な論点**

### **より業務実態に即した給与への変更 vs 財政負担の増大**

* 👍 期待される効果：比較対象の企業規模拡大により、公務の職務・責任を反映した給与比較が可能になります。  
* ☝️ 注意が必要な点：俸給表全体の押し上げにより、財政への負担が増大します。

### **初任給引上げによる採用競争力確保 vs 組織内バランス調整**

* 👍 期待される効果：大卒・高卒ともに大幅な初任給引上げにより若手採用力の向上が期待されます。  
* ☝️ 注意が必要な点：若年層と中堅層のバランス調整が課題となりえます。

### **中央省庁に対する業務調整手当の拡充 vs 公務員間の格差拡大**

* 👍 期待される効果：本府省が担当する政策企画・調整業務への評価が十分に行われ、負荷への補償が適正化します。  
* 🤔 懸念：地方機関の職員との処遇差が拡大する可能性があり、全体調和に影響が出る恐れがあります。

### **影響を受ける可能性がある人**

* **国家公務員一般職員**：給与・手当の増額を受ける。

## **よくある質問**

### **公務員の給与は誰が決めているの？**

国家公務員の給与は次のプロセスで決まります。

### **① 人事院**

* 国家公務員は労働基本権が制約されています。例えば労働組合を通じた給与の取り決めなどができません。そのため、その代償措置として、中立機関である人事院が毎年「給与勧告」を行います。  
* 民間企業の給与を調査し、原則として民間と釣り合うように給与水準や手当の改定を提案します。

### **② 内閣**

* 人事院勧告を受け、必要な法改正案を国会に提出します。

### **③ 国会**

* 給与法は法律であるため、国会の議決がなければ給与改定は実現しません。  
* 勤勉手当、期末手当、俸給表の引上げなどは必ず国会審議を経ます。

### **今回比較対象となる会社規模が人事院勧告で変更された理由は？**

今回の官民比較方法の見直しは、次の背景があります。

### **① 公務の職務・責任の高度化**

政策立案・国際交渉・高度な危機管理など、本府省業務を中心に業務の専門性・複雑性が増大しており、より大規模な企業の類似職種との比較が適切になったためです。

### **② 採用市場の変化**

国家公務員の採用競争力向上のため、同じ競争環境にある企業規模を基準にする必要が生じました。

## **議案提出者**

内閣

## **関連リンク**

* みらい議会：[特別職の国家公務員の給与や手当を変更する法律案](https://gikai.team-mir.ai/bills/67e0b771-6653-4542-9767-e0fe3a8599be)   
* 人事院：[本年の給与勧告のポイントと給与勧告の仕組み](https://www.jinji.go.jp/content/000011724.pdf)
* 衆議院：[議案名「一般職の職員の給与に関する法律等の一部を改正する法律案」の審議経過情報](https://www.shugiin.go.jp/internet/itdb_gian.nsf/html/gian/keika/1DE0996.htm)",2025-12-09 08:15:39.612212+00,2025-12-09 09:04:37.140975+00
f9bc6638-5eb7-4f08-bc52-8bef93e75816,7604167b-2990-4645-90cc-1a76a97a8a36,hard,地方交付税法及び特別会計に関する法律の一部を改正する法律案,"本法律案は、令和7年度補正予算に伴い、地方交付税総額の調整を行うとともに、経済対策等によって地方負担が増加する場合に備え、特例的な措置を講ずるものです。地方財政計画の安定性を確保するため、必要に応じて地方交付税の加算・減額を行える法的枠組みを整備します。
","## なぜこの法改正が必要なのか  
地方交付税は、自治体間の財源格差を調整し、全国一律の行政サービス水準を維持するための基幹財源です。補正予算により国の支出が拡大すると、地方自治体にも負担が波及するため、交付税の総額調整が不可欠となります。特に、経済対策に伴う臨時的支出や税収見込みの変動に即応できる仕組みが求められます。

## 法改正のポイント  
- 令和7年度の補正予算に伴う地方交付税総額の調整規定を設ける  
- 経済対策による地方負担増に対応するための特例措置を規定  
- 地方財政計画に反映させ、安定的な自治体運営を可能にする  

## 主な論点  

- **地方財政の安定化 と 国の裁量拡大**  
  - 賛成：自治体の急激な財源不足を防ぎ、公共サービスを安定的に提供できる。  
  - 反対：国の裁量により交付税総額が左右されることで、自治体の自主財源管理が不透明になる。  

- **臨時対応 と 恒常化リスク**  
  - 賛成：補正予算に柔軟に対応でき、経済対策の効果を地方に波及させられる。  
  - 反対：特例措置が恒常化すると、毎年度の財政運営が臨時措置頼みとなり、制度の予見可能性が低下する。  

## 改正で影響する可能性があるのは  
- **地方自治体**：補正予算に伴う財源不足を補える  
- **地域住民**：行政サービスの急な縮小を避けられる  
- **国の財政運営**：交付税の増額による財政規律への影響が懸念される  

## 関連リンク  
- 総務省「令和6年度補正予算（第1号）に伴う対応等」（令和6年11月29日）  
  https://www.soumu.go.jp/main_content/000979817.pdf  
",2025-09-25 07:13:48.012008+00,2025-12-11 11:17:16.291706+00